frase_nombre,isnombre
14,0
Expediente judicial numero 1/2016.,0
Juicio ejecutivo mercantil.,0
Juzgado Noveno de Jurisdiccion Concurrente del Primer Distrito Judicial del Estado de Nuevo Leon.,0
Promovido por Marcos Gonzalez Castillo,0
 en su caracter de apoderado general para pleitos y cobranzas de Materiales Star,0
 Sociedad Anonima de Capital Variable.,0
En contra de Ferreteria,0
 Sociedad Anonima de Capital Variable. ,0
Asunto: Se dicta sentencia definitiva.,0
"	",0
Monterrey,0
 Nuevo Leon,0
 a 16 dieciseis de junio de 2016 dos mil dieciseis.,0
Visto para resolver en definitiva los autos que integran el expediente judicial numero 1/2016,0
 cuyos datos de identificacion se precisaron en lineas que anteceden.,0
Asi mismo,0
" se estima importante mencionar que la parte actora senalo como domicilio convencional para los efectos de oir y recibir notificaciones el servicio de Tribunal Virtual bajo la clave ""mago"".",0
Por su parte,0
 se tiene que la parte demandada senalo como domicilio para los resenados efectos,0
 el ubicado en calle Ramon Lopez numero 325 norte,0
 en el sector centro de Monterrey,0
 Nuevo Leon. ,0
No obstante,0
 se tiene que la partes procesales peticionaron el acceso al expediente electronico derivado del sumario en que se actua,0
 por ende,0
 las notificaciones personales ordenadas a dichas personas se realizan en terminos del numeral 77 del segundo titulo especial de Codigo de Procedimientos Civiles para el Estado de Nuevo Leon,0
 de aplicacion supletoria a la legislacion mercantil,0
 es decir,0
 por medio de su sola publicacion en el Boletin Judicial,0
 pudiendo ser consultadas a traves del Tribunal Virtual.,0
Asentados los datos de identificacion de rigor,0
 una vez analizado todo lo actuado en el presente procedimiento y cuanto mas consta en autos,0
 debio verse y tenerse en cuenta,0
 se pronuncia el siguiente:,0
 ,0
RESULTANDO.,0
UNICO: Antecedentes del expediente. Mediante escrito presentado ante la Oficialia de Partes Comun de los Juzgados de lo Civil,0
 de Jurisdiccion Concurrente y Menores de Monterrey,0
 Nuevo Leon,0
 el accionante comparecio a fin de interponer juicio ejecutivo mercantil en contra de la parte demandada,0
 de quien reclamo el pago de la cantidad de $450,0
000.00 cuatrocientos cincuenta mil pesos 00/100 moneda nacional y demas prestaciones accesorias.,0
El actor expuso los hechos constitutivos de su accion,0
 ofrecio las pruebas que estimo idoneas para justificarlos e invoco los preceptos legales que considero aplicables. De igual forma,0
 solicito que seguidos los tramites legales correspondientes se dictara sentencia favorable a sus pretensiones.,0
Admitida a tramite la demanda,0
 se dicto auto de exequendo,0
 mediante el cual se ordeno requerir a la parte demandada sobre el inmediato pago de la cantidad reclamada como suerte principal y demas prestaciones accesorias. El emplazamiento respectivo se verifico tal y como consta en autos,0
 y se previno a la parte demandada Ferreteria,0
 Sociedad Anonima de Capital Variable,0
 para que dentro del termino de legal correspondiente ocurriera a hacer paga llana de lo reclamado u oponerse a la ejecucion si para ello tuviere excepciones legales que hacer valer. Del sumario se desprende que el sujeto pasivo de la Litis si dio contestacion a la demanda incoada en su contra.,0
Asi mismo,0
 se concedio a las partes una dilacion probatoria,0
 a fin de que se desahogaran las pruebas admitidas por este juzgado,0
 y se tuvieron por materializadas desde aquel momento aquellas que no requirieron desahogo especial por parte de este tribunal. Una vez concluido el periodo probatorio,0
 se concedio a las partes un termino comun de 2 dias para que formularan los alegatos de su intencion. ,0
Por ultimo,0
 se ordeno dictar la sentencia correspondiente,0
 misma que ha llegado el momento de pronunciar.,0
CONSIDERANDO.,0
"	",0
PRIMERO: Legislacion aplicable. En el particular se observa el Codigo de Comercio reformado por medio del decreto publicado en el Diario Oficial de la Federacion del dia 13 trece de junio de 2014 dos mil catorce,0
 segun se razono en el auto de fecha 7 siete de marzo de 2016 dos mil dieciseis.,0
Por tanto,0
 ya que la demanda de merito fue presentada con posterioridad a la entrada en vigor de la reforma mencionada,0
 le es aplicable el Codigo de Comercio senalado en el auto de radicacion. Por lo que,0
 al hacerse mencion en este fallo respecto al citado ordenamiento,0
 se hace alusion al indicado en este considerando.,0
De igual forma,0
 debe acotarse que la ley especial mercantil aplicada al presente asunto,0
 es la Ley General de Titulos y Operaciones de Credito,0
 cuya vigencia temporal data a partir del 13 trece de junio de 2014 dos mil catorce.,0
Por ultimo,0
 de conformidad con lo dispuesto por el numeral 1054 de la codificacion de merito,0
 en suplencia de las disposiciones del Codigo de Comercio,0
 sera aplicable el Codigo Federal de Procedimientos Civiles y,0
 solo en caso de que este no regule la institucion cuya suplencia se requiera,0
 el Codigo de Procedimientos Civiles para el Estado de Nuevo Leon.  ,0
SEGUNDO: Naturaleza juridica de la sentencia definitiva. Las sentencias definitivas en los juicios mercantiles se rigen,0
 en esencia,0
 por lo dispuesto en los articulos 1321,0
1322,0
1324,0
1325,0
 1326 y 1327 del Codigo de Comercio. Numerales que en lo general senalan que la sentencia definitiva es la que decide el negocio en lo principal,0
 ademas,0
 que debera estar fundada en la ley; y en caso de que esta no sea suficiente para decidir la controversia,0
 entonces sera necesario atender a los principios generales del derecho.,0
Es practico senalar,0
 de igual forma,0
 que la sentencia debe ser clara al establecer el derecho,0
 ya sea condenando o absolviendo. Para esto,0
 se tomaran en cuenta solamente la accion deducida y las excepciones opuestas respectivamente en la demanda y en la contestacion.,0
TERCERO: Competencia de este organo de justicia. Este juzgado se considera competente para conocer y resolver el asunto que nos ocupa; ello,0
 en atencion a las consideraciones vertidas en el auto de admision de fecha 7 siete de marzo de 2016 dos mil dieciseis; las que a la fecha no han sido desplazadas.,0
CUARTO: Personalidad y legitimacion de las partes. En atencion a lo dispuesto por el articulo 1057 del Codigo de Comercio,0
 el cual establece la obligacion de quien ahora juzga de examinar de oficio la personalidad de las partes que contienden en el presente juicio.,0
Asi,0
 respecto al mandato otorgado a favor de la parte actora formal,0
 se encuentra justificado mediante la copia certificada de la escritura publica 5,0
487 cinco mil cuatrocientos ochenta y siete de fecha 10 diez de noviembre de 2010 dos mil diez,0
 pasada ante la fe del licenciado Jesus Quinonez Pacheco,0
 notario publico titular numero 22 veintidos,0
 con ejercicio en el Primer Distrito Registral del Estado Nuevo Leon.,0
Descriptiva la anterior,0
 de la que se advierte el otorgamiento a   la parte actora formal,0
 de poder general para pleitos y cobranzas para representar a la parte actora material,0
 ante cualquier autoridad administrativa o judicial,0
 etcetera.,0
Herramienta probatoria que por tratarse de una copia certificada de un testimonio de escritura publica,0
 tiene el caracter precisamente de documental publica,0
 en los terminos de los articulos 1237 del Codigo de Comercio y 129 del Codigo Federal de Procedimientos Civiles,0
 aplicado supletoriamente a la legislacion mercantil en consulta,0
 acorde con el numeral 1054 del Codigo de Comercio y 104 de la Ley del Notariado del Estado de Nuevo Leon. Por ende,0
 tal instrumento hace prueba plena,0
 de conformidad con lo categoricamente dispuesto por los dispositivos 1205,0
1237,0
 1292 y 1293 del Codigo de Comercio.,0
Aunado a lo anterior,0
 tal documental publica tiene plena eficacia juridica en virtud de encontrarse ajustadas a lo dispuesto por los numerales 2546,0
2547,0
2551,0
2553,0
 2554 y 2555 del Codigo Civil Federal,0
 aplicado supletoriamente a la legislacion mercantil en cita,0
 en relacion con lo establecido por el articulo 10 de la Ley General de Sociedades Mercantiles.,0
Por lo tanto,0
 se tiene que la parte actora formal comparece en el presente juicio como apoderado general para pleitos y cobranzas de la parte actora material. Ante ello,0
 deviene que la legitimacion en el proceso de la parte actora se encuentra debidamente acreditada,0
 de conformidad con el articulo 1056 del Codigo de Comercio. ,0
Por otro lado,0
 en lo que respecta a la legitimacion en el proceso con la que comparecio el apoderado general para pleitos y cobranzas de la parte demandada,0
 la misma se acredita mediante la copia certificada de la escritura publica numero 3,0
620 tres mil seiscientos veinte de fecha 10 diez de marzo de 2014 dos mil catorce,0
 pasada ante la fe del licenciado Eduardo Rodriguez Mendoza,0
 notario publico titular de la notaria publica numero 37 treinta y siete con ejercicio en el Septimo Distrito Registral en el Estado de Nuevo Leon; de la cual se desprende que al compareciente se le designo como representante de la persona moral demandada,0
 con las facultades que del mismo se desprenden. ,0
Documental que merece valor probatorio pleno respecto al acto juridico que contiene,0
 misma que obra en el secreto de este juzgado,0
 en terminos de los articulos 1205,0
 1237 y 1292 del Codigo de Comercio y que ademas,0
 reune los requisitos del articulo 10 de la Ley General de Sociedades Mercantiles. De ahi que se tenga acreditada,0
 la legitimacion en el proceso de la persona que acudio en su caracter de apoderado general para pleitos y cobranzas de la parte demandada. Sirve de sustento a lo antes expuesto,0
" el criterio con rubro ""LEGITIMACION PROCESAL ACTIVA. CONCEPTO.""",0
Ahora bien,0
 en lo que atane a la legitimacion en la causa de las partes,0
 la que consiste en la identidad del actor o demandado con la persona a cuyo favor esta la ley,0
 para el ejercicio del derecho o su defensa,0
 al efecto,0
 es dable precisarse,0
 que la misma se encuentra justamente acreditada; ello,0
 como a continuacion se expondra:,0
Por principio de cuentas,0
 es dable senalar que es de explorado derecho,0
 que la legitimacion en la causa puede ser activa o pasiva. La primera es la facultad que posee un sujeto para iniciar un proceso y por el contrario,0
 la legitimacion pasiva se refiere a la situacion de aquel en contra del cual se quiere enderezar el proceso; esto es,0
 la accion se debe de entablar contra quien este obligado a satisfacer la obligacion. Sirve de sustento a lo antes expuesto,0
" el criterio con rubro ""LEGITIMACION AD CAUSAM. CONCEPTO.""",0
 ,0
Asi,0
 es dable precisar que la legitimacion en la causa de la parte actora (activa) y de la parte demandada (pasiva) se encuentra justificada plenamente con el  cheque base de la accion,0
 puesto que de su literalidad se aprecia claramente que la parte actora material aparece como beneficiaria y,0
 ademas,0
 se advierte el nombre de la ahora parte demandada como libradora del cheque base de la accion. ,0
De lo que se obtiene que la accion es ejercitada por quien tiene la titularidad del derecho y en contra de aquella que tiene a su cargo el cumplimiento de la obligacion demandada. Ello de conformidad con el articulo 38 de la Ley General de Titulos y Operaciones de Credito.,0
De ahi,0
 que se tenga plenamente acreditada la legitimacion de las partes para comparecer a juicio,0
 aceptando ampliamente su personalidad,0
 acorde a lo dispuesto en el articulo 1056 del Codigo de Comercio.,0
QUINTO: Via y estudio de la accion. El estudio relativo a la via ejecutiva intentada y a la accion ejercitada se hara en su conjunto,0
 dada la estrecha relacion que guarda una con la otra. En efecto,0
 la propia naturaleza del juicio ejecutivo exige la existencia de un titulo de credito para su procedencia; de suerte tal que,0
 si el documento base no reune los requisitos que senala la ley para constituir un titulo de credito,0
 no dara pie para la via ejecutiva y,0
 por ende,0
 tampoco para acreditar la accion que en el se funda. Ilustra la anterior postura,0
" la tesis aislada cuyo rubro es ""VIA Y ACCION EJECUTIVA MERCANTIL",0
 PROCEDENCIA DE LA. SU ESTUDIO PUEDE SER SIMULTANEO.,0
Ahora,0
 para delimitar el estudio de los aspectos precisados en el parrafo que precede,0
 se seguira la siguiente metodologia: a) En primer termino,0
 se establecera,0
 de acuerdo a lo previsto en los articulos 150 y 151 de la Ley General de Titulos y Operaciones de Credito,0
 las hipotesis que dan origen a la accion cambiaria ejercitada; b) Luego,0
 se fijaran los elementos constitutivos de la accion y se procedera al examen de cada uno de ellos.,0
a) Hipotesis legales sustento de la accion cambiaria ejercitada. La accion cambiaria es la accion ejecutiva proveniente de un titulo de credito que compete al acreedor para exigir judicialmente del deudor el cumplimiento de una obligacion cartular. Esta accion puede ser de dos clases y solo puede ejercitarse cuando concurra alguno de los supuestos previstos en la ley. Lo anterior,0
 encuentra sustento en lo dispuesto en los articulos 150 y 151 de la Ley General de Titulos y Operaciones de Credito que establecen:,0
Articulo 150. La accion cambiaria se ejercita:,0
I. En caso de falta de aceptacion o de aceptacion parcial;,0
II. En caso de falta de pago o de pago parcial;,0
III. Cuando el girado o el aceptante fueren declarados en estado de quiebra o de concurso.,0
En los casos de las fracciones I y III,0
 la accion puede deducirse aun antes del vencimiento por el importe total de la letra,0
 o tratandose de aceptacion parcial,0
 por la parte no aceptada.,0
Articulo 151. La accion cambiaria es directa o de regreso; directa,0
 cuando se deduce contra el aceptante o sus avalistas; de regreso,0
 cuando se ejercita contra cualquier otro obligado.,0
De la reproduccion de los numerales en alusion,0
 apreciamos que la accion cambiaria es directa o de regreso y que,0
 ademas,0
 puede ser ejercitada ante la actualizacion de las siguientes hipotesis: Falta de aceptacion o de aceptacion parcial; falta de pago o de pago parcial; y,0
 por ultimo,0
 cuando el girado o el aceptante fueren declarados en estado de quiebra o de concurso.,0
Ahora,0
 a efecto de precisar que clase de accion cambiaria intenta la parte accionante y en que causa se funda su ejercicio,0
 es menester acudir a lo narrado en el escrito de demanda.,0
En el observamos,0
 a grandes rasgos,0
 que la demanda se endereza en contra de la parte demandada,0
 como libradora; y que,0
 ademas,0
 se alega la falta de pago total del importe consignado en el citado documento mercantil.,0
En vista de lo anterior,0
 quien ahora juzga determina que el tipo de accion intentada es la cambiaria directa,0
 puesto que se deduce contra del librador de un titulo de credito y,0
 asimismo,0
 que su ejercicio se funda en la falta de pago total,0
 al reclamarse el importe integro de los mismos; conforme a lo estatuido en los ordinales 150,0
 fraccion II,0
 y 151 de la Ley General de Titulos y Operaciones de Credito.,0
b) Elementos constitutivos de la accion. Una vez fijada la clase de accion cambiaria intentada,0
 asi como la causa en que se funda,0
 lo que sigue es establecer los elementos constitutivos de la accion cambiaria directa objeto del juicio que nos ocupa.,0
Recordemos que al inicio de este considerando senalamos que la propia naturaleza del juicio ejecutivo exige la existencia de un titulo de credito para su procedencia y que,0
 ademas,0
 la parte actora fundo el ejercicio de su accion en la falta de pago total del importe del documento base,0
 es decir,0
 el actor acude en esta via a fin de ejercer la accion cambiaria directa; y siendo que,0
 como es de explorado derecho,0
 dicha accion es la relativa al cobro de un titulo de credito,0
 los cuales conforme al numeral 1391,0
 fraccion IV,0
 del Codigo de Comercio,0
 constituye titulo ejecutivo -como lo es el cheque base de la accion-,0
 debe tramitarse en la via ejecutiva mercantil la aludida accion. Confiere sustento a lo antes senalado,0
" la tesis jurisprudencial cuyo rubro es ""ACCION CAMBIARIA. DEBE EJERCERSE EN LA VIA EJECUTIVA MERCANTIL"".",0
De lo anterior,0
 obtenemos que los elementos constitutivos de la accion sean los siguientes,0
 a saber:,0
a). La existencia del cheque base de la accion. ,0
b).La falta de pago del importe total de este.,0
Existencia del cheque basal. Por existencia no solo debe entenderse la representacion material del acto juridico en el documento respectivo,0
 sino que este reuna todos los requisitos que senala la legislacion para ser catalogados como titulo de credito,0
 particularmente,0
 como cheque.,0
Precisado lo anterior,0
 el suscrito resolutor estima que el elemento en estudio se encuentra plenamente acreditado. Veamos por que:,0
El accionante sustenta su accion en un documento privado al que denomino como cheque. Sin embargo,0
 el hecho que asi los haya nombrado no es suficiente para reputarlo como tal. Para ello,0
 es menester que cumpla con las exigencias establecidas en el articulo 176 de la Ley General de Titulos y Operaciones de Credito. Dispositivo legal que enuncia:,0
"Articulo 176.- El cheque debe contener:	",0
I.- La mencion de ser cheque,0
 inserta en el texto del documento;,0
II.- El lugar y la fecha en que se expide;,0
III.- La orden incondicional de pagar una suma determinada de dinero;,0
IV.- El nombre del librado;,0
V.- El lugar del pago,0
 y;,0
VI.- La firma del librador.,0
Al efecto,0
 el documento base de la accion cumple con los requisitos para ser considerado como cheque y,0
 desde luego,0
 como titulo de credito,0
 pues contiene la mencion de ser cheque; el lugar y fecha de expedicion,0
 Monterrey,0
 Nuevo Leon,0
 el 30 treinta de agosto de 2015 dos mil quince; la promesa incondicional de pagar una suma determinada de dinero,0
 correspondiente a la cantidad de $450,0
000.00 cuatrocientos cincuenta mil pesos 00/100 moneda nacional. ,0
Establece,0
 ademas,0
 que el nombre de la institucion librada lo es Mi Banco,0
 Sociedad Anonima,0
 Institucion de Banca Multiple. ,0
Como lugar de pago,0
 tenemos que es en Monterrey,0
 Nuevo Leon,0
 ello,0
 segun se razono en el proveido de fecha 7 siete de marzo de 2016 dos mil dieciseis,0
 a cuyos razonamientos de orden juridico nos remitimos como si a la letra se insertasen a fin de no caer en innecesarias trascripciones. ,0
Finalmente,0
 obra plasmado en el titulo base rasgos graficos atribuibles a la firma del representante legal de la parte demandada Ferreteria,0
 Sociedad Anonima de Capital Variable,0
 como libradora del instrumento mercantil; ello,0
 salvo prueba en contrario.,0
Asi las cosas,0
 la existencia del cheque basico se acredita en legal forma,0
 al encontrarse representado en dicho documento privado,0
 que cumple cabalmente con todos los requisitos que exige el articulo 176 de la Ley General de Titulos y Operaciones de Credito. En vista de ello,0
 el suscrito juez considera que el titulo de credito exhibido por la parte demandante merece valor probatorio pleno,0
 en terminos de los arabigos 1238 y 1296 del Codigo de Comercio.,0
Ahora bien,0
 tenemos que los articulos 180 y 181 de la Ley General de Titulos y Operaciones de Credito,0
 disponen que el cheque debe ser presentado para su pago en la direccion en el indicada,0
 o en su defecto,0
 en el principal establecimiento que el librado tenga en el lugar de pago,0
 asi como los plazos en los que el cheque debe ser presentado para su pago,0
 ello al disponer lo siguiente:,0
Articulo 180. El cheque debe ser presentado para su pago en la direccion en el indicada,0
 y a falta de esa indicacion,0
 debe serlo en el principal establecimiento que el librado tenga en el lugar del pago.,0
Articulo 181. Los cheques deberan presentarse para su pago:,0
I. Dentro de los quince dias naturales que sigan al de su fecha,0
 si fueren pagaderos en el mismo lugar de su expedicion;,0
II. Dentro de un mes,0
 si fueren expedidos y pagaderos en diversos lugares del territorio nacional;,0
III. Dentro de tres meses,0
 si fueren expedidos en el extranjero y pagaderos en el territorio nacional; y,0
IV. Dentro de tres meses,0
 si fueren expedidos dentro del territorio nacional para ser pagaderos en el extranjero,0
 siempre que no fijen otro plazo las leyes del lugar de presentacion.,0
De las normas legislativas aludidas,0
 se puede advertir,0
 como se dijo,0
 una condicion necesaria para la procedencia de la accion ejecutiva,0
 consistente en que el cheque sea presentado para su pago ante el banco librado previo al ejercicio de cualquier gestion que se realice a la luz del derecho incorporado a este,0
 o ante camara de compensacion,0
" atento a lo dispuesto por el articulo 182 de la Ley General de Titulos y Operaciones de Credito. Asi lo han establecido los tribunales federales de la nacion al emitir el criterio cuyo rubro es ""CHEQUE. DEBE PRESENTARSE PREVIAMENTE ANTE EL LIBRADO",0
" ANTES DE INTENTARSE CUALQUIER ACCION CONTRA EL LIBRADOR"".",0
 ,0
En ese tenor se ha pronunciado Rafael de Pina Vara,0
" quien en su obra titulada ""Teoria y Practica del Cheque""",0
 Editorial Labor Mexicana,0
 Sociedad de Responsabilidad Limitada,0
 Mexico,0
1960,0
 pagina 212,0
 textualmente establece acerca de este           topico: ,0
[,0
2. La presentacion al pago. El pago del cheque requiere su presentacion al librado para ese efecto (art. 181LTOC),0
 'sin presentacion no es posible el pago,0
[,0
Bajo las premisas apuntadas,0
 se torna inevitable analizar si el cheque objeto de la accion fue presentados para su pago ante el librado o camara de compensacion,0
 en su caso. Lo anterior es asi,0
 pues,0
 como se refirio,0
 dicha hipotesis reviste una condicion necesaria para que el beneficiario pueda exigir judicialmente el pago a la persona que libro el documento,0
 pues no basta que este reuna las menciones que la ley cambiaria establece para decretar procedente la accion,0
 sino que es necesario evidenciar que el mismo fue exhibido para su cobro,0
 como se dijo,0
 ante la propia institucion de credito librada o camara de compensacion conforme al aludido numeral 182 de la legislacion crediticia en estudio. ,0
Circunstancia que se acredita dentro del sumario en que se actua,0
 pues teniendo a la vista el titulo de credito fundatorio se advierte en el reverso del mismo,0
 la presencia de sellos que hacen patente la certificacion de que el cheque fue presentado para su pago; ello,0
 en la institucion bancaria Mi Banco,0
 Sociedad Anonima,0
 Institucion de Banca Multiple,0
 esto,0
 el dia 9 nueve de febrero de 2016 dos mil dieciseis y ante la camara de compensacion  el 10 del citado mes y ano.,0
Con base en lo dispuesto en lineas anteriores,0
 se pone de manifiesto que la condicion necesaria para declarar fundada la accion,0
 en especifico que el cheque haya sido presentado para su pago,0
 se encuentra satisfecha con los diversos sellos que obran al reverso de del titulo de credito allegado. ,0
En vista de ello,0
 quien ahora resuelve considera que el titulo de credito exhibido por la parte demandante merece valor probatorio pleno en terminos de los arabigos 1238 y 1296 del Codigo de Comercio. ,0
Ademas,0
 con el documento base de la accion se justifica la existencia de una deuda cierta,0
 liquida y exigible; es decir,0
 cierta,0
 al establecer un derecho perfectamente reconocido por las partes al definir al acreedor y deudor. Liquida,0
 dado que establece con claridad el monto que ampara el propio documento base de la accion. Se considera exigible,0
 toda vez que de acuerdo a lo dispuesto por el articulo 178 de la Ley General de Titulos y Operaciones de Credito,0
" el cheque siempre sera pagadero a la vista. Confiere fuerza legal a lo antes expuesto la tesis cuyo rubro es ""CHEQUES. SON TITULOS PAGADEROS A LA VISTA DESDE SU EXPEDICION"".",0
Bajo esa optica,0
 se concluye que han quedado acreditadas tanto la accion cambiaria directa como la via ejecutiva mercantil intentada en contra de la parte demandada Ferreteria,0
 Sociedad Anonima de Capital Variable,0
 toda vez que de conformidad con el articulo 1391,0
 fraccion IV,0
 del Codigo de Comercio,0
 el titulo de credito exhibido en el presente juicio contiene aparejada ejecucion,0
 ademas de satisfacerse la condicion inherente a que el mismo fue presentado para su pago,0
 por lo tanto,0
 la parte accionante no tiene que recurrir a otros medios de defensa a fin de acreditar la accion intentada,0
 ello en virtud de que la ley les otorga el caracter de ejecutivos. Confiere claridad y sustento a las anteriores ideas,0
" la tesis cuyo rubro es ""TITULOS EJECUTIVOS"". ",0
"	Elemento de incumplimiento. Asi las cosas",0
 esta autoridad procedera a estudiar el segundo elemento de la accion consistente en: La falta de pago del importe que ampara el documento base de la accion,0
 denominado por la ley como cheque,0
 el cual ampara el monto de $450,0
000.00 cuatrocientos cincuenta mil pesos 00/100 moneda nacional,0
 que por concepto de suerte principal se exige a traves de la presente via. Este elemento de la accion,0
 tambien se encuentra debidamente acreditado. Sustentan la conclusion a la que se arriba,0
 los razonamientos que enseguida se exponen:,0
En el particular,0
 la parte actora exige el pago total del importe que ampara el cheque base de la accion,0
 argumentando medularmente el incumplimiento por la parte deudora. Esta manifestacion es suficiente para arrojarle a la parte enjuiciada la carga de la prueba de acreditar el pago de la suma por la que fue librado el titulo de credito base de la presente accion; de lo contrario,0
 se le impondria al accionante la obligacion de probar un hecho negativo,0
 contraviniendo lo expresamente regulado en el articulo 1195 del Codigo de Comercio. Refuerza la anterior postura,0
" los criterios cuyos rubros son ""PAGO O CUMPLIMIENTO. CARGA DE LA PRUEBA"". y ""PAGO",0
" INCUMPLIMIENTO EN EL. NO CORRESPONDE AL ACREEDOR DEMOSTRARLO SINO AL DEUDOR PROBAR QUE CUMPLIO PUNTUALMENTE SU OBLIGACION.""",0
De esta forma,0
 se tiene por demostrado el segundo elemento de la accion. Lo anterior,0
 con apoyo en lo dispuesto en el articulo 1327 del Codigo de Comercio. ,0
Derivado de todo lo anterior,0
 se determina que ha quedado satisfechos los elementos de la accion cambiaria directa,0
 instada en la via ejecutiva mercantil por la parte actora en contra de la parte demandada.,0
Sin embargo,0
 con el fin de cumplir con el requisito de exhaustividad que debe revestir toda sentencia de orden judicial,0
 se procedera a analizar el resto del material probatorio aportado por la parte actora del juicio; mismos que consisten en los siguientes: ,0
Documental publica;,0
Documental publica;,0
Documental privada;,0
Documental privada;,0
Confesional por posiciones;,0
Confesional judicial;,0
Instrumental de actuaciones,0
 y;,0
Presuncional legal y humana.  ,0
Probanzas las anteriores respecto de las cuales,0
 enseguida se procedera a su pronunciamiento respectivo; ello,0
 en franco apego a lo estipulado en el articulo 1194 del Codigo de Comercio,0
Asimismo,0
 la parte actora exhibio la copia certificada de la escritura publica numero 5,0
487 cinco mil cuatrocientos ochenta y siete de fecha 10 diez de noviembre de 2010 dos mil diez,0
 pasada ante la fe del licenciado Jesus Quinonez Pacheco,0
 notario publico titular numero 22 veintidos,0
 con ejercicio en el Primer Distrito Registral del Estado Nuevo Leon,0
 en la cual se contiene,0
 entre diversos actos juridicos,0
 el acta constitutiva de la parte actora material.,0
Medio de conviccion que goza de valor probatorio pleno respecto al acto juridico en mencion,0
 es decir,0
 respecto al  surgimiento a la vida juridica de la demandante material,0
 su denominacion,0
 su objeto,0
 su duracion,0
 etcetera. Ello en terminos de lo dispuesto en los razonamientos que han quedado vertidos a lo largo de la presente resolucion,0
 a cuya expresion se remite en este apartado en obvio de repeticiones. ,0
"		Por su parte",0
 es dable hacer mencion que en lo que respecta,0
 a las documentales signadas con los numeros 2 dos y 3 tres uno (cheque base de la accion y poder),0
 estas ya fueron valoradas conforme a derecho en parrafos antecedentes,0
 a cuyas razones y fundamentos nos referimos en este apartado,0
 en obvio de repeticiones,0
 de conformidad con el numeral  1327 del Codigo de Comercio.,0
Por otra parte,0
 en relacion a la prueba confesional por posiciones a cargo de la parte demandada Ferreteria,0
 Sociedad Anonima de Capital Variable,0
 admitida mediante proveido diverso de 22 veintidos de abril de 2016 dos mil dieciseis (consecutivo 0005); se senalo para su respectiva materializacion,0
 las 10:00 diez horas del dia 16 dieciseis  de mayo de 2016 dos mil dieciseis. Apercibiendole a dicho reo,0
 que en caso de no comparecer sin justa causa,0
 a esa unica citacion,0
 se le tendria por confeso en aquellas posiciones calificadas de legales por el suscrito juez.,0
"		Asi las cosas",0
 ante la consecuencia de su incomparecencia injustificada,0
 se tuvo a la parte demandada reconociendo fictamente que a traves de su representante legal en fecha 30 treinta de agosto de 2015 dos mil quince libro un cheque a favor de Materiales Star,0
 Sociedad Anonima de Capital Variable.,0
"		Asimismo",0
 acepto fictamente que dicho titulo de credito se libro por la cantidad de $450,0
000.00 cuatrocientos cincuenta mil pesos 00/100 moneda nacional y que la institucion librada fue Mi Banco,0
 Sociedad Anonima,0
 Institucion de Banca Multiple. ,0
Finalmente,0
 la parte demandada Ferreteria,0
 Sociedad Anonima de Capital Variable acepto fictamente que el cheque en mencion se libro en Monterrey,0
 Nuevo Leon,0
 y que la firma que obra en el es de su representante legal.,0
Confesion judicial a la cual,0
 el suscrito juez estima concederle el valor probatorio pleno del que se encuentra revestida,0
 de conformidad con lo establecido por el numeral 1287 del Codigo de Comercio,0
 pues,0
 recuerdese que el valor de la confesion ficta depende de que no se encuentre contradicha con los demas elementos probatorios aportados al justiciable,0
 por tanto,0
 al no existir elemento alguno que controvierta lo declarado fictamente por la parte reo,0
" esta autoridad considera el conceder el valor probatorio que merece en derecho. Postura que se encuentra sustentada en lo establecido por la jurisprudencia cuyo rubro es ""CONFESION FICTA. PUEDE POR SI SOLA PRODUCIR VALOR PROBATORIO PLENO",0
" SI NO SE DESTRUYE SU EFICACIA CON PRUEBA EN CONTRARIO"". ",0
Asi,0
 resulta insoslayable que al adminicularse la citada confesion ficta con los demas elementos de prueba,0
 tales como el propio cheque base de la accion,0
 se erige la fiabilidad de la misma,0
 pues no existe en el justiciable,0
 como se adelanto,0
 prueba en contrario que controvierta lo confesado fictamente por la parte enjuiciada,0
 lo que viene a robustecer el elemento de la existencia del cheque base de la accion; lo anterior,0
 de conformidad con los articulos 1194,0
 1205 y demas relativos del Codigo de Comercio. ,0
Finalmente,0
 cabe hacer mencion que en apego a las constancias de autos,0
 no existe instrumental de actuaciones,0
 ni presuncion legal ni humana que le depare beneficio a la parte actora; ello,0
 al no apreciarse del conjunto de las constancias que conforman el presente sumario actuacion alguna que beneficie al accionante,0
 como se ha visto en los parrafos antes redactados; por ende,0
 al no apreciarse de la pieza de autos actuacion diversa de las ya destacadas,0
 que tienda a fortalecer o trascender lo que hasta ahora ha acreditado la parte accionante,0
 ni apreciarse un hecho o hechos conocidos que a traves de su enlace logico o por ministerio de la ley,0
 pudieran configurar la prueba artificial conocida como presuncional,0
 tal y como lo preven los articulos 1278 y 1279 del Codigo de Comercio; de ahi que las mismas tampoco trasciendan en la especie.,0
Ahora,0
 el suscrito juez,0
 antes de efectuar declaratoria alguna sobre la procedencia o improcedencia del juicio,0
 tiene a bien abordar el estudio de las excepciones y defensas vertidas por la parte demandada Ferreteria,0
 Sociedad Anonima de Capital Variable,0
 en su respectivo escrito de contestacion. Lo anterior,0
 a fin de estar en aptitud de dictar una resolucion conforme a derecho,0
 acorde con las garantias de legalidad y audiencia inmersas en los numerales 14 y 16 de nuestra Carta Magna,0
 en relacion con el diverso articulo 1327 de la codificacion mercantil en consulta. Sirve de sustento legal a la postura antes tomada,0
" el criterio de jurisprudencia cuyo rubro es ""AUDIENCIA",0
" COMO SE INTEGRA ESTA GARANTIA.""",0
SEXTO: Estudio de las excepciones y defensas hechas valer por la parte demandada. Ahora bien,0
 una vez que el accionante ha justificado los elementos constitutivos de su accion,0
 antes de resolver sobre lo fundado o infundado del presente juicio,0
 es dable analizar las excepciones y defensas opuestas por la parte demandada.,0
Lo anterior,0
 con la finalidad de verificar si estas son aptas para desvirtuar la accion personal que se justifico en el considerando anterior,0
 cumpliendose asi con el principio de equidad procesal que consagra el numeral 1194 del regimen comercial aplicable,0
 al permitir que el demandante demuestre los extremos de su pretension,0
 y al sujeto pasivo de la relacion procesal,0
 en su caso,0
 evidenciar alguna circunstancia que destruya el ejercicio de la gestion incoada en su perjuicio,0
 en observancia al principio de congruencia inherente al articulo 1327 del Codigo de Comercio,0
 que dispone: ,0
Articulo 1327.- La sentencia se ocupara exclusivamente de las acciones deducidas y de las excepciones opuestas,0
 respectivamente,0
 en la demanda y en la contestacion. ,0
"Resultando aplicable la jurisprudencia emitida por los Tribunales Colegiados de Circuito bajo el rubro ""SENTENCIAS",0
" PRINCIPIO DE CONGRUENCIA DE LAS.""",0
Por ello,0
 habiendo estudiado ya la accion planteada,0
 como ya se dijo,0
 toca el turno de analizar las excepciones y defensas interpuestas por la parte aqui enjuiciada,0
 mismas que fueron opuestas de forma oportuna en su respectivo escrito de contestacion,0
 acorde con el articulo 1399 del Codigo de Comercio.,0
Al efecto,0
" se cita el rubro del criterio jurisprudencial ""EXCEPCIONES Y DEFENSAS EN MATERIA MERCANTIL. DEBEN OPONERSE EN LA CONTESTACION A LA DEMANDA.""",0
Asi mismo,0
 cabe senalar que el jurista Eduardo J. Couture,0
 en su obra Fundamentos del Derecho Procesal Civil,0
 Tercera Edicion,0
 Editorial Depalma,0
 Buenos Aires,0
 en su pagina 89,0
 define a las excepciones como el poder juridico de que se halla investido el demandado,0
 que le habilita para oponerse a la accion promovida en su contra. ,0
Dicho en otras palabras,0
 la excepcion es la facultad que tiene el demandado para oponer frente a la pretension del actor,0
 aquellas cuestiones que,0
 por contradecir el fundamento de la pretension,0
 procuran un pronunciamiento de fondo absoluto (cuestiones substanciales),0
 cuyo objetivo principal es que a traves de estas el demandado pueda atacar la accion intentada en su contra,0
 o bien,0
 aquellas cuestiones que afecten la validez de la relacion procesal e impidan un pronunciamiento de fondo sobre dicha pretension (cuestiones procesales).,0
Por su parte,0
 resulta dable precisar que el articulo 1399 del Codigo de Comercio,0
 senala que dentro de los ocho dias siguientes al requerimiento de pago,0
 al embargo,0
 en su caso,0
 y al emplazamiento,0
 el demandado debera contestar la demanda refiriendose concretamente a cada hecho oponiendo unicamente las excepciones que permite la ley en el articulo 1403 de dicho codigo; y cuando se trate de titulos de credito,0
 las contempladas en el articulo 8 de la Ley General de Titulos y Operaciones de Credito. De igual forma,0
 menciona que en el mismo escrito ofrecera pruebas,0
 relacionandolas con los hechos y acompanando los documentos que exige la ley para las excepciones.,0
Aunado a lo anterior,0
 debe decirse que el examen de las excepciones y defensas hechas valer por la parte demandada Ferreteria,0
 Sociedad Anonima de Capital Variable a traves de su escrito de oposicion,0
 no debe limitarse al analisis de aquellas opuestas unicamente en el apartado correspondiente del escrito de contestacion,0
 sino que debe ampliarse a todas aquellas que se desprendan del resto del contenido de dicho escrito de contradiccion; ello se estima asi,0
 pues,0
 el escrito de contestacion a una determinada demanda es un todo,0
 el cual ha de examinarse en su integridad,0
 de tal manera que si de su lectura se desprende la existencia de alguna excepcion o defensa,0
 el juzgador debe analizarla,0
 pues la misma indudablemente forma parte de la litis,0
 sin que obste que esta,0
 no se haya opuesto bajo el capitulo asi denominado. Sirve para ilustrar lo anterior,0
" el criterio judicial contenido en la tesis aislada cuyo rubro es ""EXCEPCION. PROCEDE EN JUICIO AUN CUANDO SE HAGA VALER EN UN CAPITULO DISTINTO AL ASI DENOMINADO DEL ESCRITO DE CONTESTACION A LA DEMANDA (LEGISLACION DEL ESTADO DE CHIAPAS)."" ",0
Asi pues,0
 en ejercicio de tal empresa,0
 de un analisis integro del escrito de contestacion de la demanda,0
 se tiene que la parte demandada  opuso las siguientes excepciones y defensas que enseguida se transcriben: ,0
[,0
PRIMERA EXCEPCION.- Se opone LA EXCEPCION CONSISTENTE EN QUE EL TITULO DE CREDITO (CHEQUE) EXHIBIDO COMO BASE DE LA ACCION FUE ENTREGADO EN GARANTIA,0
 derivandose eta defensa de las EXCEPCIONES PERSONALES QUE TIENE MI REPRESENTADA FERRETERIA,0
 SOCIEDAD ANONIMA DE CAPITAL VARIABLE,0
 conforme lo establecido en la fraccion XI del articulo 8deg de la Ley General de Titulos y Operaciones de Credito y fundandose la presente EXCEPCION.,0
SEGUNDA EXCEPCION.- Se opone LA EXCEPCION CONSISTENTE EN LA FALSEDAD IDEOLOGICA O SUBJETIVA derivandose esta defensa de las EXCEPCIONES PERSONALES QUE TIENE MI REPRESENTADA EN CONTRA DEL AHORA ACTOR MATERIALES STAR,0
 SOCIEDAD ANONIMA DE CAPITAL VARIABLE,0
 conforme lo establecido en la fraccion XI del articulo 8deg de la Ley General de Titulos y Operaciones de Credito,0
 en esa virtud la presente EXCEPCION PERSONAL que se hace consistir en LA FALSEDAD IDEOLOGICA SUBJETIVA se debe de decretar procedente,0
 de acuerdo a las siguientes consideraciones de hecho y derecho: ,0
Si bien es cierto que los titulos de credito: cheque,0
 pagare,0
 letra de cambio,0
 etc.,0
 son el camino tecnico juridico que toda persona que quiera hacerse de un satisfactor sin tener dinero para ello puede suscribir para cubrir sus necesidades: obtencion de dinero,0
 bienes o servicios,0
 TAMBIEN ES CIERTO que dichos satisfactores: dinero,0
 bienes o servicios,0
 son la causa generadora que hacen nacer a la vida juridica a los propios titulos de credito.,0
No puede haber titulo de credito,0
 si antes no se dio a cambio un satisfactor: dinero,0
 bienes o servicios.,0
En virtud de que no puede haber titulos de credito si antes no se dio a cambio un satisfactor: DINERO,0
 BIENES O SERVICIOS,0
 resulta incuestionable que en la especie el documento que pretende hacer valer esa empresa Materiales Star,0
 Sociedad Anonima de Capital Variable,0
 contiene en si mismo una FALSEDAD IDEOLOGICA O SUBJETIVA porque pretende hacer valer algo que en realidad no sucedio,0
 como es el caso del suscrito nunca ha recibido del ahora actor,0
 cantidad de dinero,0
 bienes o servicio alguno.,0
TERCERA EXCPECION.- Se opone la EXCEPCION DE FALTA DE ACCION Y DERECHO,0
 del endosatario en procuracion para promover la presente instancia,0
 derivandose esta defensa de las EXCEPCIONES PERSONALES que tiene mi representada Ferreteria,0
 Sociedad Anonima de Capital Variable,0
 en contra de Materiales Star,0
 Sociedad Anonima de Capital Variable,0
 conforme a lo establecido en la fraccion XI,0
 de articulo 8deg de la Ley General de Titulos y Operaciones de Credito.,0
[,0
Excepciones y defensas opuestas por la parte demandada,0
 que se analizaran por esta autoridad de manera individual cada una de ellas,0
 pues la naturaleza juridica de las mismas tratan topicos diferentes.  ,0
 Sin que esto reporte perjuicio alguno a la parte demandada,0
 pues,0
 lo fundamental es que el tribunal examine y resuelva la cuestion que efectivamente se planteo,0
 sin que se omita el analisis de ninguna; examen que puede realizar de manera global o bien estudiando por separado cada una de las excepciones hechas valer. Tiene aplicacion en el particular el siguiente criterio,0
 sostenido por el Primer Tribunal Colegiado del Decimo Primer Circuito,0
 visible en la pagina 870 del Semanario Judicial de la Federacion,0
 Octava Epoca,0
 Tomo XII,0
 diciembre de 1993,0
" cuyo rubro es ""EXCEPCIONES",0
" EXAMEN DE LAS.""  ",0
En este contexto y atendiendo a la naturaleza de las mismas,0
 entramos de lleno con el estudio a la diversa excepcion a la que la parte demandada titulo como excepcion consistente en que el titulo de credito exhibido fue entregado como garantia,0
 misma que la parte demandada sostiene en el argumento central de que su representada si libro a favor de la parte actora material el cheque base de la accion,0
 sin embargo dicho titulo de credito se expidio sin llenar el requisito de la cantidad que amparaba.,0
Lo anterior se realizo asi,0
 pues a decir de la parte demandada,0
 el referido cheque se libro con el unico proposito de garantizar el pago de una linea de credito que la parte actora le aperturo para la adquisicion de diversos materiales que esta ultima comercializa. ,0
Al efecto,0
 esta autoridad estima que la excepcion de cuenta es catalogada de infundada,0
 ello atendiendo a las razones que a continuacion se exaltaran.,0
Lo anterior se considera asi,0
 pues,0
 al margen de la circunstancia de que el cheque base de la accion hayan sido o no,0
 librado para garantizar diversas obligaciones contraidas,0
 en el acto juridico a que hacen alusion la parte opositora en su escrito de contestacion,0
 tal eventualidad,0
 no tiene como efectos que el cheque en mencion pierda su naturaleza ejecutiva,0
 en virtud que no existe disposicion legal que asi lo establezca o de la que se pudiese inferir una interpretacion en ese sentido,0
 pues en la especie,0
 como ya se menciono,0
 el cheque basal satisface los requisitos que establece el articulo 176 de la Ley General de Titulos y Operaciones de Credito,0
 lo que significa que su tenedor tiene el derecho para hacerlo valer en la via ejecutiva mercantil,0
 de conformidad con el articulo 5deg de la legislacion mercantil en consulta. Dicha conclusion es adquirida a la luz de los criterios de jurisprudencia que,0
 por analogia,0
 cuyo rubro son citados a continuacion:,0
TITULOS DE CREDITO. NO PIERDEN SU NATURALEZA CUANDO SE DAN EN GARANTIA.,0
TITULOS DE CREDITO CON LA CLAUSULA EN GARANTIA. NO PIERDEN SU NATURALEZA.,0
TITULO DE CREDITO OTORGADO EN GARANTIA. PUEDE DAR LUGAR A QUE SE LE CALIFIQUE DE ABSTRACTO PERO NO ES UN ELEMENTO QUE AFECTE SU AUTONOMIA. ,0
Con base a lo anterior,0
 si la parte demandada opone una excepcion tendiente a destruir la eficacia del titulo basal,0
 es a ella y no a la parte actora a quien corresponde la carga de la prueba del hecho en que fundamente su excepcion,0
 en terminos del numeral 1194 del Codigo de Comercio. Lo anterior,0
" encuentra sustento en el criterio jurisprudencial cuyo rubro es ""TITULOS EJECUTIVOS",0
" EXCEPCIONES CONTRA LA ACCION DERIVADA DE LOS. CARGA DE LA PRUEBA.""",0
Por tanto,0
 corresponde a la parte reo acreditar que el cheque fundatorio se libro con motivo de una linea de credito para la adquisicion de mercancia que la parte actora le suministro; de ahi que es a la propia parte demanda a quien le asiste la obligacion de ofrecer elementos convictivos aptos para acreditar el extremo pretendido,0
 ya que,0
 conforme a lo dispuesto por el articulo 1391 fraccion IV del Codigo de Comercio,0
 los titulos de credito,0
 tales como el cheque basal tiene el caracter de ejecutivo,0
 es decir,0
 trae aparejada ejecucion; por lo que es a la parte demandada a quien corresponde la carga probatoria para destruir la presuncion legal que tiene a su favor la parte actora. ,0
Expuesto lo anterior,0
 cabe resaltar que la parte demandada Ferreteria,0
 Sociedad Anonima de Capital Variable con el proposito de justificar sus argumentos de resistencia,0
 oferto precisamente copia simple del cheque numero 1217 de fecha 30 treinta de agosto de 2015 dos mil quince -base de la accion-.,0
Descriptiva de la cual,0
 al imponerse de su contenido,0
 se desprende en forma indiciaria que dicho cheque no cuenta con el requisito de la cantidad que debia amparar,0
 pues unicamente se advierten satisfechos los requisitos tales como la firma,0
 la fecha de suscripcion y el nombre de la persona a quien ha de pagarse el titulo,0
 sin que cuente,0
 como ya se dijo,0
 de la cantidad que ampara. ,0
Sin embargo,0
 como se menciono,0
 la anterior documental resulta ser copia fotostatica simple,0
 por ende,0
 resulta inconcuso que esta debe ser relacionada con otros medios de prueba,0
 a fin de que los indicios que se puedan advertir de ella sean admitidos y surtan efectos legales como si fueran reconocidos expresamente; ello,0
 segun el prudente arbitrio del juez,0
 lo anterior se dice teniendo como apoyo en los numerales 1241 y 1296 del Codigo de Comercio.,0
Al efecto,0
 tomando en cuenta que el valor probatorio de las copias simples queda al prudente arbitrio del juez y pueden revestir el caracter de indicio,0
 se procedera al analisis de los diversos medios de prueba aportados por la parte reo,0
 a fin de considerar si al adminicularse entre si,0
 dichas probanzas nos puede conllevar a determinar que efectivamente el cheque base de la accion haya sido librado con el unico proposito de garantizar el pago de diversa operaciones mercantiles celebrados por los ahora contendientes. Sustenta lo anterior,0
" los criterios judiciales cuyo rubro son ""COPIAS FOTOSTATICAS SIMPLES. SU VALOR PROBATORIO QUEDA AL PRUDENTE ARBITRIO DEL JUZGADOR (LEGISLACION DEL ESTADO DE NUEVO LEON)."" y ""COPIAS FOTOSTATICAS SIMPLES. VALOR PROBATORIO DE LAS",0
" CUANDO SE ENCUENTRAN ADMINICULADAS CON OTRAS PRUEBAS.""",0
En estos terminos,0
 con base a lo dispuesto en el articulo 1194 del Codigo de Comercio,0
 le corresponde a la parte demandada y oferente de la aludida documental,0
 reforzar con distintos medios de conviccion lo documentado en la instrumental allegada a efecto de acreditar su defensa.,0
Asi las cosas,0
 la parte demandada oferto las pruebas de su intencion que se describen como sigue:,0
"	1.- Documental privada;",0
"	2.- Confesional;",0
"	3.- Instrumental de actuaciones",0
 y ;,0
"	4.- Presuncional en su doble aspecto legal y humana. ",0
Probanzas las anteriores respecto de las cuales enseguida se procedera a su pronunciamiento respectivo; ello,0
 en un orden distinto al de su ofrecimiento,0
 sin que ello implique algun perjuicio a su oferente -parte demandada-,0
 pues lo que realmente interesa es que se analice en su totalidad todos y cada uno de los medios de conviccion aportados a juicio. Lo anterior,0
 se realizara en estricto apego a los articulos 1194 y 1327 del Codigo de Comercio. ,0
Sin embargo,0
 tambien se estima importante hacer mencion que la parte reo con el proposito de justificar la defensa en estudio,0
 oferto como diversa herramienta de prueba,0
 la confesional por posiciones a cargo del representante legal de la parte actora material.,0
Medio de conviccion que se admitio a tramite mediante proveido diverso de fecha 22 veintidos de abril de 2016 dos mil dieciseis,0
 senalandose para su desahogo las 10:00 diez horas del dia 16 dieciseis de mayo de 2016 dos mil dieciseis.,0
Ahora,0
 una vez llegada la fecha y hora senaladas para efecto de que tuviera verificativo el desahogo de la prueba confesional a cargo de la parte reo,0
 se advierte que la parte oferente no allego los pliegos de posiciones,0
 asi como tampoco comparecio a fin de formularlas verbalmente,0
 por lo que,0
 bajo el apercibimiento del dia 22 veintidos de abril de 2016 dos mil dieciseis,0
 se declaro desierta dicha probanza mediante auto del 27 veintisiete de mayo de 2016 dos mil dieciseis,0
 sin acarrearle beneficio alguno a la parte demandada ya sea para robustecer la copia fotostatica del cheque basal o para justificar le excepcion planteada; lo anterior,0
 de conformidad con el numeral 1224 del Codigo de Comercio.,0
Ahora bien,0
 en cuanto a la probanza relativa a la instrumental de actuaciones,0
 en opinion del suscrito resolutor,0
 esta se ha valorado conforme al numeral 1294 del Codigo de Comercio,0
 atento a los razonamientos que han quedado vertidos a lo largo de la presente resolucion,0
 a cuya expresion se remite en este apartado,0
Y,0
 ademas,0
 para esta autoridad no existe ninguna presuncional sea legal o humana,0
 que apoye los intereses de la parte demandada para acreditar de que efectivamente el titulo base de la accion surgio a la vida juridica como garantia de pago de una diversa operacion mercantil celebrada por los ahora contendientes; ello,0
 al no apreciarse de autos algun hecho o hechos conocidos que a traves de su enlace logico o por ministerio de ley,0
 pudieran configurar la prueba artificial conocida como presuncional.,0
Bajo estas condiciones,0
 como anteriormente se menciono,0
 dichos medios de conviccion no acarrean beneficio a la parte demandada para efecto de robustecer lo consignado en la copia simple del titulo de credito base de la accion; lo anterior,0
 en franco apego al articulo 1194 del Codigo de Comercio.,0
Ante el predicho escenario,0
 el suscrito juez estima que los indicios que se pueden advertir de la documental consistente en la copia simple del cheque base de la accion,0
 allegado por la parte enjuiciada no es suficiente para determinar que efectivamente el cheque base de la accion se libro con el unico proposito de garantizar el pago de diversas operaciones mercantiles celebradas por los ahora contendientes.,0
Pero,0
 al margen que la parte demandada hubiera justificado que el cheque base de la accion hayan surgido como garantia de pago; cabe decir,0
 que dicha circunstancia,0
 de ninguna forma tendria como efecto que el cheque perdiera su naturaleza ejecutiva,0
 en virtud que no existe disposicion legal que asi lo establezca o de la que se pudiese inferir una interpretacion en ese sentido,0
 pues en la especie,0
 como ya se menciono,0
 el cheque base de la accion satisface los requisitos que establece el articulo 176 de la Ley General de Titulos y Operaciones de Credito,0
 lo que significa que su tenedor tiene el derecho para hacerlo valer en la via ejecutiva mercantil,0
 de conformidad con el articulo 5deg de la legislacion mercantil en consulta.,0
Siendo que en su caso,0
 a fin de desvirtuar la eficacia del titulo de credito base de la accion,0
 lo que le correspondia probar al deponente ademas de la relacion causal de dicho documento,0
 y que el acto juridico respecto el cual refiere emano el documento basal,0
 se encontraba satisfecho en tiempo y forma en cuanto a las obligaciones ahi contraidas; lo cual no se justifica,0
 por las razones apuntadas en paragrafos antecesores,0
 y a donde nos remitimos para no obviar en tediosas repeticiones,0
 por lo que en consecuencia,0
 se reitera lo infructuoso de los medios de prueba,0
 lo anterior de conformidad con el articulo 1194 del Codigo de Comercio. Lo anterior,0
" con fundamento en el siguiente criterio jurisprudencial cuyo rubro es ""PAGARE. LA CIRCUNSTANCIA DE QUE SE EMITA EN GARANTIA DE UN CREDITO NO HACE QUE PIERDA SU NATURALEZA EJECUTIVA"".",0
Por lo que,0
 en consecuencia,0
 se reitera lo infructuoso de defensa en estudio,0
 acorde con los numerales 1194 y 1327 del Codigo de Comercio.,0
Continuando en el analisis minucioso del escrito de contestacion realizado por el representante legal de la parte demandada Ferreteria,0
 Sociedad Anonima de Capital Variable,0
 no encontramos que la parte demanda hizo valer como diversa excepcion la que titulo como falsedad ideologica. ,0
 ,0
Asi,0
 luego de analizar el argumento de resistencia en comento,0
 a consideracion del suscrito juez,0
 adquiere el calificativo de infundada; ello,0
 con base a los razonamientos juridicos y argumentaciones de derecho que enseguida se pondran de manifiesto.,0
En primer lugar,0
 cabe precisar,0
 que la Suprema Corte de Justicia de la Nacion ha sostenido,0
 que el argumento que ahora se analiza,0
 se denomina como excepcion de falsedad ideologica,0
 la cual surge al momento en que las partes hacen constar en un titulo de credito alguna circunstancia que en realidad no sucedio,0
 como es el caso en que la deudora no se obligo en los terminos que se desprenden del titulo valor y que no existe una obligacion pecuniaria a su cargo. Dota de fundamento a lo anterior,0
" la tesis cuyo rubro es ""TITULOS DE CREDITO",0
" FALSEDAD IDEOLOGICA O SUBJETIVA EN LOS."" ",0
Bajo ese orden de pensamientos,0
 teniendo a la vista del cheque base de la presente accion,0
 se advierte que el librador -parte demanda- giro la orden a la institucion librada de pagar a favor de la parte actora la cantidad de dinero que se ampara en el resenado instrumento mercantil. ,0
Instrumental privada que,0
 como se menciono en paragrafos anteriores,0
 se le otorgo valor probatorio pleno,0
 de conformidad con el numeral 1296 del Codigo de Comercio. Circunstancia con la que queda establecida que el actor justifico sus pretensiones en torno a lo establecido en el cheque base de la accion.,0
Ante la escena delimitada en el parrafo precedente,0
 el suscrito juez considera que el deber de justificar y desplazar las circunstancias reveladas en el cheque,0
 recayo en la parte demandada. Razon por la cual,0
 se procedio al analisis de las pruebas con los resultados mencionados en lineas precedentes,0
 a donde nos remitimos como si a la letra se insertasen. ,0
Ahora,0
 toda vez que la postura defensista se hace valer en que,0
 segun la parte demandada Ferreteria,0
 Sociedad Anonima de Capital Variable,0
 el acto documentado en el cheque no acontecio de la manera que se describio en el escrito inicial de demanda,0
 pues a decir de dicha opositora,0
 este se suscribio con el unico proposito de garantizar el pago de diversas operaciones mercantiles; circunstancia que contrario a lo que hace ver la parte reo,0
 en opinion del suscrito resolutor,0
 no se justifica pues del cheque base de la accion se revela una obligacion pecuniaria entre el acreedor y la ahora parte demandada ante el impago del instrumento por parte de la librada y por causas imputables al propio librador; segun,0
 el elemento de literalidad a que se debe atender en el propio documento basal de acuerdo al articulo 5 de la Ley General de Titulos y Operaciones de Credito. ,0
Obligacion,0
 en la que ademas no se advierte dolo o mala fe por parte del beneficiario,0
 al pretender el cobro del documento por esta via. ,0
Por tanto,0
 se reitera lo infundado de la excepcion de cuenta,0
 acorde con lo dispuesto por el numeral 1327 del Codigo de Comercio. ,0
Finalmente,0
 la parte opositora hizo valer la diversa defensa a la que denomino falta de accion y carencia de derecho,0
 misma que la sustenta en la fraccion XI de la Ley General de Titulos y Operaciones de Credito,0
 correspondiente a las excepciones personales que pudiera tener el demandado en contra de la parte actora. ,0
 Al respecto,0
 dichos argumentos de disidencia se encuentran subordinados a las diversas excepciones anteriormente analizadas,0
 mismas que han sido declaradas infundadas; con base a los razonamientos y fundamentos expuestos en lineas preliminares dentro de la presente resolucion definitiva; es por ello,0
 que resulta inconcuso que la presente excepcion corra la misma suerte de ineficacia que aquella,0
 por tanto la misma deviene inoperante. ,0
Sobre todo,0
" porque se determino que la parte enjuiciada no justifico sus excepciones y defensas. Se inserta por analogia el siguiente criterio cuyo rubro es ""CONCEPTOS DE VIOLACION. SON INOPERANTES LOS QUE PARTEN O SE HACEN DESCANSAR SUSTANCIALMENTE EN LO ARGUMENTADO EN OTROS QUE FUERON DESESTIMADOS"". ",0
Por ende,0
 se determina lo infundado de la excepcion en comento; ello,0
 en terminos del articulo 1327 del Codigo de Comercio.,0
Bajo estas condiciones,0
 como se ha venido adelantando,0
 al haber analizado todos los medios de conviccion aportados por la parte demandada Ferreteria,0
 Sociedad Anonima de Capital Variable,0
 ya sea en su conjunto o de forma individual,0
 no acarrean beneficio al opositor para acreditar en forma alguna las defensas materia de analisis.,0
En vista de las relatadas consideraciones,0
 no queda mas que declarar que los argumentos de resistencia planteados por la parte demandada resultaron infundados por lo que debe prevalecer la tesitura de que el accionante comprobo de manera rotunda los elementos de la accion en estudio; lo anterior,0
 de conformidad con lo dispuesto por el numeral 1327 del Codigo de Comercio,0
 lo que conlleva a hacer la declaratoria relativa a las prestaciones reclamadas en la excitativa inicial de justicia,0
 en terminos del diverso numeral 1325 de la codificacion mercantil en consulta.,0
SEPTIMO: Estudio de la prestacion principal. Como primer prestacion identificada con el inciso a) del escrito inicial de demandada,0
 la parte actora reclama el pago de la cantidad de $450,0
000.00 cuatrocientos cincuenta mil pesos 00/100 moneda nacional,0
 por concepto de suerte principal.,0
"	Esta prestacion es fundada",0
 pues del cheque base de la accion se desprende que el librador se comprometio a traves de la institucion librada a pagar en favor de la beneficiaria el monto de $450,0
000.00 cuatrocientos cincuenta mil pesos 00/100 moneda nacional.,0
Asi las cosas,0
 sin mayores consideraciones y al no existir prueba alguna que desvirtuara dicha suma,0
 se condena a la parte demandada Ferreteria,0
 Sociedad Anonima de Capital Variable a pagar en favor de la parte actora material la cantidad que ampara el titulo de credito presentado,0
 mismo que ascienden al monto total de $450,0
000.00 cuatrocientos cincuenta mil pesos 00/100 moneda nacional; por concepto de suerte principal.,0
Pago que debera efectuarse dentro del termino legal de 3 tres dias siguientes al en que cause ejecutoria la presente resolucion,0
 o pueda llevarse a cabo su ejecucion; de conformidad con lo dispuesto en el articulo 1079,0
 fraccion VI,0
 del Codigo de Comercio. ,0
En la inteligencia que de omitir el cumplimiento de la presente determinacion,0
 se procedera al embargo (si no se ha hecho uso de tal derecho),0
 trance y remate del bien inmueble embargado en autos propiedad de la parte demandada y con su producto se cubriran a la parte actora las prestaciones condenadas; ello,0
 en observancia a lo dispuesto en el articulo 1408 del ordenamiento mercantil en cita.,0
OCTAVO: Estudio de la prestacion accesoria correspondiente al pago del 20 % veinte por ciento de indemnizacion por concepto de danos y perjuicios. Por lo que respecta al reclamo del 20 % veinte por ciento como indemnizacion de danos y perjuicios a que se refiere el articulo 193 de la Ley General de Titulos y Operaciones de Credito,0
 esta autoridad estima que no es factible obsequiar el mismo en la especie,0
 ello con base a las siguientes consideraciones:,0
El citado numeral establece que para la procedencia de la indemnizacion por danos y perjuicios que se le ocasionen al tenedor del documento,0
 deberan de satisfacerse dos requisitos,0
 que seran:,0
Que el cheque se presente oportunamente para su cobro,0
 y,0
Que el pago del titulo de credito no se realice por causas imputables a la propia libradora. ,0
Asimismo,0
 cabe mencionar que el articulo 181 de la ley en comento,0
 dispone que los cheques deberan presentarse para su pago dentro de los 15 quince dias naturales que sigan al de su fecha,0
 si fueren pagaderos en el mismo lugar de su expedicion. ,0
Bajo ese orden de ideas y tendiendo a la vista el documento base de la accion (cheque),0
 se advierte que el mismo fue librado en fecha 30 treinta de agosto de 2015 dos mil quince. A su vez,0
 se desprende del reverso de dicho titulo que fue presentado para su cobro en fecha 9 nueve de febrero de 2016 dos mil dieciseis,0
 ante la institucion de credito Mi Banco,0
 Sociedad Anonima,0
 Institucion de Banca Multiple,0
 para ser cobrado en ventanilla,0
 y  el dia 10 de febrero de 2016 dos mil dieciseis,0
 ante la camara de compensacion,0
 siendo devuelto por dicha institucion,0
 tal y como se desprende del aviso de devolucion expedido por las mismas asociaciones financieras. ,0
En vista de lo anterior,0
 y tomando en consideracion lo dispuesto en el numeral 181 fraccion I de la ley en cita,0
 no es factible condenar a la parte demandada al pago de la prestacion antes mencionada,0
" toda vez que el titulo de credito se presento tiempo despues del otorgado por la ley para resarcir los danos y perjuicios que se le pudieron ocasionar al tenedor del documento. Tienen aplicacion a lo anterior las tesis cuyos rubros son ""DANOS Y PERJUICIOS PREVISTOS EN EL ARTICULO 193 DE LA LEY GENERAL DE TITULOS Y OPERACIONES DE CREDITO. IMPROCEDENCIA DE SU PAGO CUANDO EL CHEQUE NO SEA PRESENTADO EN TIEMPO."" y ""CHEQUE. PARA QUE EL TENEDOR TENGA DERECHO AL PAGO DE DANOS Y PERJUICIOS DEBE PRESENTARLO OPORTUNAMENTE.""",0
NOVENO: Gastos y Costas. Finalmente,0
 en cuanto al pago de los gastos y costas judiciales erogados con motivo de la tramitacion del presente juicio,0
 se resuelve lo siguiente.,0
 Para resolver la condena en relacion a este concepto,0
 tenemos que el articulo 1082 del Codigo de Comercio,0
 establece lo siguiente:,0
Cada parte sera inmediatamente responsable de las costas que originen las diligencias que promueva: en caso de condenacion en costas,0
 la parte condenada indemnizara a la otra de todas las que se hubiere anticipado [,0
.,0
Por otra parte,0
 el diverso articulo 1084 del citado ordenamiento mercantil,0
 preceptua lo que a continuacion se transcribe: ,0
La condenacion en costas se hara cuando asi lo prevenga la ley,0
 o cuando a juicio del Juez se haya procedido con temeridad o mala fe. Siempre seran condenados: ,0
El que ninguna prueba rinda para justificar su accion o su excepcion,0
 si se funda en hechos disputados;,0
II. El que presentase instrumentos o documentos falsos,0
 o testigos falsos o sobornados;,0
III. El que fuese condenado en juicio ejecutivo y el que lo intente si no obtiene sentencia favorable. En este caso la condenacion se hara en la primera instancia,0
 observandose en la segunda lo dispuesto en la fraccion siguiente;,0
IV. El que fuere condenado por dos sentencias conformes de toda conformidad en su parte resolutiva,0
 sin tomar en cuenta la declaracion sobre costas. En este caso,0
 la condenacion comprendera las costas de ambas instancias.,0
Por lo que hace a la condenacion que se ordena por ministerio de ley,0
 en el particular no se surte la primera de las fracciones del articulo 1084 del Codigo de Comercio porque la parte actora ofrecio pruebas para justificar su accion. Tampoco se actualiza el segundo de los supuestos,0
 ya que no obra en el sumario constancia de que alguna de las partes haya ofrecido instrumentos o documentos falsos,0
 ni testigo alguno.,0
La cuarta fraccion se refiere a la condena en costas en la segunda instancia,0
 por lo que es inaplicable en el caso concreto.,0
Por ende,0
 solo queda la fraccion tercera del supra citado numeral 1084 del citado Codigo de Comercio,0
 en donde se advierte que para la procedencia de la condena en costas en los juicios ejecutivos,0
 es necesario encontrarse en una de las dos hipotesis que preve el articulo trascrito,0
 que son: a) Que la parte reo fuese condenada en juicio ejecutivo,0
 o b) Que el promovente de un juicio ejecutivo no obtuviese sentencia favorable.,0
"	",0
Ahora bien,0
 la condena a que se refiere el inciso a),0
 de la fraccion en estudio debe ser integral con lo reclamado en la demanda. Pero cuando la actora no obtuvo la totalidad de las prestaciones reclamadas en el particular,0
 como acontecio en la especie dado que se absolvio a la parte demandada del concepto relativo al pago danos y perjuicios.,0
Es entonces que la condena en este concepto dependera del arbitrio judicial,0
 y sera el suscrito juez a quien le corresponde la tarea de analizar el caso concreto para ponderar las motivaciones que tuvieron las partes para concurrir al juicio y su conducta procesal,0
 para advertir si de ellas se deduce que hayan actuado con temeridad o mala fe,0
 que deba ser castigada a traves del pago de las costas.,0
Lo anterior,0
 se advierte de la contradiccion de tesis 69/97,0
 entre las sustentadas por el Primer Tribunal Colegiado en Materia Civil del Tercer Circuito y el Tercer Tribunal Colegiado del Sexto Circuito,0
 que resolvio la Primera Sala de la Suprema Corte de Justicia de la Nacion,0
" y que cuyo rubro es ""COSTAS EN UN JUICIO EJECUTIVO MERCANTIL. SU PROCEDENCIA CUANDO LA CONDENA EN EL JUICIO FUE UNICAMENTE PARCIAL",0
" DEPENDERA DEL PRUDENTE ARBITRIO DEL JUZGADOR.""",0
En este sentido,0
 del sumario se advierte,0
 por una parte,0
 que la accionante reclamo diversos conceptos a la parte demandada,0
 a traves de la presente via. Tales como,0
 el pago de dinero que se derive del concepto de danos y perjuicios,0
 respecto de la cual,0
 la parte demandada obtuvo su absolucion.,0
Por otra parte,0
 de autos se advierte que la parte reo,0
 si bien,0
 comparecio a dar contestacion a la demanda instaurada en su contra,0
 oponiendo las excepciones de su intencion; no interpuso recursos o presento promociones notoriamente frivolas o improcedentes con el animo de postergaran,0
 o retardar indefinidamente el procedimiento. De ahi,0
 que no podamos establecer que haya desplegado una conducta temeraria o de mala fe,0
 pues,0
 a nadie le esta prohibido abusar de muchas defensas.,0
Empero,0
 en los considerandos que anteceden de igual modo,0
 se establecio el que la parte accionante cumplio con la carga demostrativa que le correspondia en cuanto a la accion deducida en el particular,0
 acreditandose su accion cambiaria a traves de la via ejecutiva mercantil.,0
Dicho en otras palabras,0
 se concluye que en el presente caso,0
 no existe temeridad ni mala fe en las conductas desplegadas por las partes,0
 durante el desarrollo legal del presente procedimiento. ,0
Por ende,0
 dado que en el particular no se actualizo ninguna de las hipotesis a que se refiere el articulo 1084 del Codigo de Comercio para fincar la condena en costas como lo prevenga la ley,0
 resulto necesario acudir a la temeridad y mala fe,0
 por lo que una vez analizada la conducta procesal de ambos contendientes,0
 se determina que ninguna se condujo con temeridad o mala fe durante el desarrollo del juicio. Circunstancias que son suficientes para estimar la inexistencia de conducta temeraria en su actuar. Confiere claridad a lo anterior la jurisprudencia emitida por el Decimo Primer Tribunal Colegiado en Materia Civil del Primer Circuito,0
" con rubro ""COSTAS. CONCEPTO DE TEMERIDAD O MALA FE PARA DECRETAR SU CONDENA.""",0
Consecuentemente,0
 se estima que ninguna de las partes actuo con temeridad o mala fe,0
 y por tal motivo,0
 no se hace condena especial en costas,0
 por lo que hace a esta instancia,0
 con fundamento en lo dispuesto por el articulo 1084 del Codigo de Comercio en cita,0
 debiendo soportar cada una de las partes las que hubieren erogado la tramitacion del presente procedimiento.,0
"	Por lo anteriormente expuesto y fundado",0
 es de resolverse y se resuelve:,0
PRIMERO: Se declara justificada la accion cambiaria directa promovida por Marcos Gonzalez Castillo,0
 en su caracter de apoderado general para pleitos y cobranzas de Materiales Star,0
 Sociedad Anonima de Capital Variable,0
 en contra de Ferreteria,0
 Sociedad Anonima de Capital Variable,0
 procedimiento que se sustancio ante este juzgado dentro del proceso seguido en la via ejecutiva mercantil entre las partes enunciadas; el cual quedo registrado con el numero de expediente judicial 1/2016.,0
SEGUNDO: Se condena a la parte demandada a pagar a la parte actora material la cantidad de $450,0
000.00 cuatrocientos cincuenta mil pesos 00/100 moneda nacional. Pago que debera efectuarse dentro del termino legal de 3 tres dias siguientes al en que cause ejecutoria la presente resolucion,0
 o pueda llevarse a cabo su ejecucion. ,0
En la inteligencia que de omitir el cumplimiento de la presente determinacion,0
 se procedera al embargo (si no se ha hecho uso de tal derecho),0
 trance y remate de bienes propiedad de la parte demandada y con su producto se cubriran a la parte actora las prestaciones condenadas; ello,0
 en observancia a lo dispuesto en el articulo 1408 del ordenamiento mercantil en cita.,0
TERCERO: Se absuelve a la parte reo de pagar a la parte actora material la cantidad correspondiente a los danos y perjuicios ocasionados precisamente a la parte accionante con motivo de no haberse verificado el pago de la suma contenida en el texto del documento base de la accion,0
 de conformidad con lo establecido en la parte considerativa de este fallo definitorio.,0
CUARTO: No se hace condena especial en costas,0
 por lo que hace a esta instancia,0
 debiendo soportar cada una de las partes las que hubieren erogado la tramitacion del presente procedimiento,0
 atendiendo a las motivaciones que quedaron plasmadas en la parte considerativa de la presente resolucion.,0
Notifiquese. Asi,0
 en definitiva,0
 lo resolvio y firma el ciudadano licenciado Alfonso Leos Plata,0
 Juez Noveno de Jurisdiccion Concurrente del Primer Distrito Judicial del Estado de Nuevo Leon,0
 ante la fe del ciudadano licenciado Hector Chavez Mendoza,0
 secretario adscrito al juzgado que autoriza y da fe. Doy fe.,0
 La resolucion que antecede se publico en el Boletin Judicial numero 6845,0
 del dia 16 dieciseis de junio de 2016 dos mil dieciseis,0
 en cumplimiento de lo dispuesto por el articulo 145 de la Ley Organica del Poder Judicial del Estado de Nuevo Leon. Doy fe.,0
El ciudadano secretario.,0
ROSA ANDREA,1
ANDREA ALEXANDRA,1
SUSANA TERESA,1
ALEXANDRU MIHAI,1
ALEXANDRA DENISA,1
MARIA QUITERIA,1
ROBERTO FABIAN,1
TERESA CATALINA,1
GIGA,1
DRAGOS GEORGE,1
CESAR AGUSTIN,1
ROSA CONCEPCION,1
ENCARNA MARIA,1
KAREN ESTEFANIA,1
GALYNA,1
HUGO ROBERTO,1
FABIAN JESUS,1
VIORICA,1
MINERVA CARMEN,1
PILAR TERESA,1
GERMAN ANGEL,1
IVAYLO DIMITROV,1
MANUEL MARIO,1
CONCORDIA,1
SILVIA BELEN,1
BRYAN JESUS,1
KAREN ELIZABET,1
ANTONIO MARIAN,1
RAGNHILD,1
LUIS TOMAS,1
ION EUGEN,1
YULI,1
ELENA ANTONIA,1
MARINA LORENA,1
RUSLANAS,1
MARIA AINOA,1
TRAORE,1
OVIDIU,1
CLARITZA,1
SILVIA ANTONIA,1
FANNY CARMEN,1
PAUL IONUT,1
MARIA NAGORE,1
CLAVELINA,1
ALEJANDRA VICTORIA,1
MARIA GRACIANA,1
ALEJANDRO JOEL,1
YELIZAVETA,1
IONE,1
KALID,1
JOSEFINA MERCEDES,1
LUCAS LUIS,1
CLAUDIU DANIEL,1
JAVIER JOAQUIN,1
LUMINITA GABRIELA,1
GENOVAITE,1
JHOAN DAVID,1
JOSEP R,1
MIHAI CRISTIAN,1
FIDEL MANUEL,1
JOSEP VICENT,1
ALIOUNE,1
JOSE LORENZO,1
ASSANE,1
ANDREEA STEFANIA,1
FRANCISCUS JOHANNES,1
JUNYI,1
FLAVIUS DANIEL,1
ALBERTO MARTIN,1
FERNANDO PASCUAL,1
MARIA SANTO,1
LUCIANO JOSE,1
PETER ALFRED,1
OANA MARIA,1
LAURA CONSUELO,1
EUGEN ADRIAN,1
GUSTAVO PABLO,1
SANDRA JANETH,1
ISAAC FERNANDO,1
OSTAP,1
APARECIDA,1
JUAN RIBERA,1
SARAH VICTORIA,1
ENAITZ,1
ANGIE ALEXANDRA,1
LIMEI,1
MARIELY,1
FLORINA,1
PILAR ELISA,1
VIVEK,1
XINYAN,1
JORGE FERMIN,1
RICARDO GUILLERMO,1
ELSA ISABEL,1
YARELY,1
WEI,1
LESLEY,1
ANDRES GERARDO,1
MALENI,1
YUJUAN,1
ROQUE JACINTO,1
MATEI,1
CARMEN ESTELA,1
PARMENIA,1
LUCIENNE,1
ALFREDO DOMINGO,1
ROLANDE,1
DIANA MARGARITA,1
RICARDO JOAQUIN,1
PILAR JULIA,1
MINE,1
OXEL,1
SUSANA DOLORES,1
RAQUEL MIRIAM,1
ARENA,1
PAULUS,1
TEODOSIA,1
KEVIN WILLIAM,1
SUSAN MARIA,1
SELINA,1
FLORENCIA SOLEDAD,1
FAUSTINA MARIA,1
JOSE ROGELIO,1
EYDAN,1
AMAIUR,1
ELIAS FERNANDO,1
FRANCISCO ANTOLIN,1
XOSE ANTON,1
MARTHA INES,1
ISAK,1
AMADY,1
TRINIDAD DOLORES,1
LILIANA DANIELA,1
SEGUNDO MARIANO,1
BRYAN SANTIAGO,1
SANDRA INES,1
TSENKA,1
WALTER JOSE,1
ALEX RUBEN,1
ALICIA VALLE,1
ALFONSO BENITO,1
GEORGI BORISOV,1
HENRY SANTIAGO,1
FELIPE ESTEBAN,1
ADELA,1
JUAN NICASIO,1
HADIL,1
ZAFAR IQBAL,1
JINPING,1
NORMA YOLANDA,1
MARTHA ALEXANDRA,1
OUSSEYNOU,1
SOUBIHA,1
NELLA,1
CLAUDIA ALINA,1
BERNARDO,1
OSCAR MAURICIO,1
CLEOFE,1
GUILLERMO JULIO,1
CARLOS EUGENIO,1
CIELO,1
DELIRIO,1
LUISA OLGA,1
TOMAS JOSE,1
PERE JOAN,1
RONGGUANG,1
ATIKA,1
NELSON JORGE,1
CARL ANTHONY,1
LILIANA ELENA,1
CLAUDIANA,1
AUXILIO,1
ANTONIA LEONOR,1
ALEJANDRA INES,1
MONTSANT,1
CARMEN GENOVEVA,1
JOHANNA KATHERINE,1
MARIANA FLORICA,1
JOSEFA LAURA,1
BITOR,1
ISMAELA,1
DAVID LESLIE,1
ARARAT,1
ALICIA INMACULADA,1
DAVID FLORIN,1
LUIS XAVIER,1
IULIA ANDREEA,1
JOAN IGNASI,1
FERNANDO ROBERTO,1
NOE JESUS,1
NICOLE STEPHANIE,1
KELLY JOHANNA,1
ALEJANDRO ADOLFO,1
ALVARO GERMAN,1
TOMAS MATIAS,1
ADRIAN ISMAEL,1
MARIA AGUAS VIVAS,1
DOLORES ANDREA,1
IOANA FLORICA,1
ANDRIY,1
VERONICA LAURA,1
AZUZENA,1
MIREN LIBE,1
SEGUNDO MARIO,1
FLOR ISABEL,1
ROSEN,1
PABLO ISIDRO,1
MARY FRANCES,1
NESTOR DAVID,1
DIEGO JESUS,1
INMACULADA CARMEN,1
JHON ALBERTO,1
DAYANA CAROLINA,1
YONGGUANG,1
ANDRA MARIA,1
MARIA CONVERSION,1
GERMAN ROBERTO,1
GREGORIO ESTEBAN,1
MARIA ZENAIDA,1
CRISTOBAL RAFAEL,1
MICHAEL TERENCE,1
KATERINE,1
ROSENDO ANTONIO,1
CHUNLI,1
IFTIKHAR,1
MAITE MARIA,1
TONNY,1
MARIVEL,1
MICHAEL STIVEN,1
SAEED,1
MARGARITA INES,1
YOLANDA PINO,1
SAMUEL CARLOS,1
PAT,1
EMPERATRIZ,1
ANGELA MARY,1
ROCIO ELIZABETH,1
ANNA RITA,1
WILLIAM DARIO,1
FERNANDO HENRIQUE,1
DAILY,1
DEOLINDA,1
IOAN AUREL,1
JOSE MANUEL ANTONIO,1
ENRIQUE OMAR,1
MARIA PRADO,1
BONNIE,1
PEPE,1
NICOLAS EZEQUIEL,1
SUSAN MARIE,1
MONICA AMPARO,1
CLODOALDA,1
ALICIA GLORIA,1
MARIA LEIRE,1
OSCAR FELIX,1
NANCY ELIZABETH,1
FEDERICO IGNACIO,1
SERGIO MARIANO,1
JORGE ALFREDO,1
ANGEL ELADIO,1
WILMER FERNANDO,1
JUAN SALVADOR,1
FLORIN STEFAN,1
OSCAR RAUL,1
MAXIMILIAM,1
VANINA ANDREA,1
RAFILA,1
MIGUEL ELADIO,1
SOFIA CRISTINA,1
ANDREA ALEJANDRA,1
NATALE,1
VERONICA GABRIELA,1
PEDRO CRISTOBAL,1
IBTISSAME,1
CRISTINA MARCELA,1
ALBANO,1
ORFELINO,1
GHERGHINA,1
ANDROS,1
HANS DIETER,1
TIARE,1
JOSE MATIAS,1
INDIRA,1
CHRISTA MARIA,1
JUDITH MARGARET,1
DANIEL ISAIAS,1
NORMA CRISTINA,1
SUSANA LUISA,1
ARMINDA PINO,1
MIRIAM IRENE,1
JOHANA GABRIELA,1
IGNACIO ARIEL,1
CONCEPCION ISABEL,1
ANARAIDA,1
LAJOS,1
JULIA ANTONIA,1
RICARDO ARTURO,1
VICTOR DANIEL,1
MARIA JOHANNA,1
SERGIO EUGENIO,1
DRAGOS GABRIEL,1
MIRIAM NOEMI,1
BODO,1
CRISTINA CAROLINA,1
CLAUDIA XIMENA,1
ALLAN DAVID,1
FIZ,1
KARINA ALEJANDRA,1
MELANIE ELIZABETH,1
SEGUNDO LUIS,1
MARIO GUSTAVO,1
CLARITA,1
MANUEL CRUZ,1
LUCIA ASUNCION,1
MARGARITA AURORA,1
MAGDALENA CRISTINA,1
ROQUE JOAQUIN,1
TERESA NOEMI,1
KESTUTIS,1
MARIANA ISABEL,1
EUGENIO MARTIN,1
JOSEFA NATIVIDAD,1
ROSANA,1
IGNACIO GERMAN,1
WALTER ALEXIS,1
CORINA MARIANA,1
LUZ GEMA,1
CONNY,1
DARWIN SANTIAGO,1
LORENZO DOMINGO,1
DIEGO DAMIAN,1
LUIS DANIEL,1
CHENGJIE,1
SAFWAN,1
SEGUNDA,1
NOURELHOUDA,1
INES BEATRIZ,1
ZHU,1
CHEICK OUMAR,1
MARIA CELMIRA,1
OCTAVIO ANDRES,1
MARGARITA SILVIA,1
CIPRIAN ADRIAN,1
JOAN VICENÇ?,1
MARIA XOSE,1
CHUNLIAN,1
STANIMIRA,1
PATRICIA ROSARIO,1
ANRI,1
HARRI,1
ROBERT STEPHEN,1
GHEORGHE VIOREL,1
MARAH,1
ALEKSANDAR DIMITROV,1
SHI,1
ADRIANA CAROLINA,1
IZABEL CRISTINA,1
IVAN FEDERICO,1
JAVIER ISAAC,1
CANDELARIA ESTHER,1
CRISTINA PAZ,1
GONZALO ADRIAN,1
LUIS ALONSO,1
MIGUEL MARCOS,1
MARIA CRUZ,1
JUANA MAGDALENA,1
DAVID MARIANO,1
AYMEN,1
FIDEL ANTONIO,1
MARCELO LUIS,1
NINA MARIA,1
ANTONIO BORJA,1
MARTHA PILAR,1
MIHAI GHEORGHE,1
MARIA MERÇ?E,1
MONICA JOSEFA,1
JUAN PINO,1
BLANCA LOURDES,1
JAMES DOUGLAS,1
LUIS SERAFIN,1
MARIA EVELIA,1
IVETH,1
ANDRES SANTOS,1
MARIANA ROXANA,1
JOHNNY FERNANDO,1
EVA ELISABETH,1
JIANYING,1
CARLOS HECTOR,1
MARINA LUZ,1
NDEYE,1
VIVIANE,1
EDUARDO MATIAS,1
OSCAR HERNAN,1
EMILIANO CARLOS,1
SAYONARA,1
MONICA EDITH,1
DANIELE,1
SERGIO ANIBAL,1
STEFAN VIOREL,1
VAHAGN,1
JUAN RAUL,1
EVALDAS,1
JUAN GUALBERTO,1
YAMADOU,1
SUFIAN,1
YONGQIN,1
JENNIFER CARMEN,1
HUI,1
GLADYS BEATRIZ,1
CORAZON,1
MIHAIL DANIEL,1
BRUNA,1
LIDIA MARLENE,1
SABRIA,1
DAVID FELIX,1
JULIA BELEN,1
XIANPING,1
ANIUSKA,1
MARIA SAMANTHA,1
LAUDICEIA,1
DIEGO RAMIRO,1
ADRIANA ELISABETH,1
DANIEL THOMAS,1
MOHAMMADI,1
EMILIO ERNESTO,1
SIEGLINDE,1
CANUTA,1
ELISA CONCEPCION,1
ADIL,1
CATALINA IRENE,1
RHODA,1
CORNEL VASILE,1
DENNIS ALEJANDRO,1
AGUEDO,1
AMOR DIOS,1
FOUSSENY,1
PEDRO ALEXIS,1
SAFOUANE,1
HELENA,1
DIEGO GASTON,1
TAIMOOR,1
PAOLA CECILIA,1
DANIEL JAIME,1
ZULFIYA,1
DAVID ESTEBAN,1
ANNET,1
MARIA ELISENDA,1
DAVID RODRIGO,1
LEONARD WILLIAM,1
YOLANDA MERCEDES,1
OLGA ELENA,1
YAZZA,1
ALLEN,1
FRANTISEK,1
CHERRY,1
MANUEL LINO,1
ROBERT CRISTIAN,1
VICTOR CRISTIAN,1
SERGUEI,1
TEODORO ANGEL,1
RAOUF,1
ENERITZ,1
MARLIN,1
MIGDALIA,1
DESAMPARADO,1
CANDICE,1
MARILUZ,1
BRIAN STEVEN,1
STELLA MARY,1
MARIA MENCIA,1
PROCULO,1
MATEO DAVID,1
LILIAN BEATRIZ,1
MARC ANTHONY,1
JOSEFA AURELIA,1
MADALINA IOANA,1
MARCOLINO,1
CARLOS FIDEL,1
GABRIELA IONELA,1
MARIA BETSABE,1
CRAIG WILLIAM,1
ROSE,1
CLODOMIRA,1
SILVIU CATALIN,1
FATIMA PINO,1
IONELA RAMONA,1
ELENA LAURA,1
NICOLAS BENJAMIN,1
ADALBERTA,1
SUZANNE MARIE,1
QIUMEI,1
JOSE CESAREO,1
YONGLI,1
LUISE,1
EDUARDO ANGEL,1
SADAF,1
RODOLFO VALENTIN,1
ROBIN,1
SERHII,1
LISSETTE ESTEFANIA,1
ITZIAR MARIA,1
VIVIANNE,1
MABEL BEATRIZ,1
DAVID REYES,1
EDWIN RAFAEL,1
MIN,1
DOUA,1
SAMUEL JUAN,1
RAFAEL EDUARDO,1
NICOLAS AGUSTIN,1
SIHAM,1
MOULAY,1
ANGEL SERAFIN,1
STEFANIA ELENA,1
JUN JIE,1
YOLANDA BEATRIZ,1
NAOMI,1
SANTOS FRANCISCO,1
IOAN DOREL,1
HAJER,1
ANA YESICA,1
ESTILITA,1
ROSA REYES,1
ALINA PETRONELA,1
MARIO MANUEL,1
ALEXANDRA JANE,1
CLAUDIA MIRELA,1
ALEXANDRA ALINA,1
ELSBETH,1
SANTIAGO FERMIN,1
SERVILIANO,1
TAYSA,1
WALDINO,1
JOAQUIN CARMELO,1
EVA LAURA,1
ERUNDINA,1
ANA ESTEFANIA,1
MICHAEL JAVIER,1
BLANCA AMELIA,1
CLAUDIA CARMEN,1
MARIA KATERINA,1
HOUNAIDA,1
ANA MICAELA,1
LAURA ROMINA,1
LUZ CANDELARIA,1
JESUS JUSTO,1
MONA,1
ALARICO,1
JONATHAN PAUL,1
ALEJANDRO MATEO,1
SOUHAILA,1
DEREK ALEXANDER,1
ITZEL,1
ABIB,1
JOAQUIN FELIX,1
BREHIMA,1
OLGA LEONOR,1
FLOREANO,1
LIVIU CRISTIAN,1
JOSEFA MARIA PILAR,1
MARIA VENERANDA,1
DULCINEA,1
ANGELA INMACULADA,1
MARTIN MANUEL,1
ARDIEL,1
VICENTE SANTIAGO,1
URIEL JESUS,1
GENCHO,1
KIRILKA,1
CARLOS HORACIO,1
CONSTANCE,1
EDGARDO JAVIER,1
DARIA IOANA,1
DMITRIJ,1
JOSEPH DANIEL,1
SANTOS ANGEL,1
YUFEN,1
DUMITRU ADRIAN,1
GONZALO RAUL,1
DORINDA MARIA,1
PRZEMYSLAW,1
CANDELA,1
CLEMENTE,1
EMMANUEL,1
JOHAN ALEXANDER,1
FORTUNATO,1
GRISEL,1
JACOBUS JOHANNES,1
ELBA CRISTINA,1
JAIME DAVID,1
MURTAZA,1
MARC ALEXANDRE,1
YVONNE MARY,1
CLAUDIU NICOLAE,1
ALEX VINICIO,1
CARLOS PAUL,1
DIMITRU,1
LETICIA RAQUEL,1
ALICIA MARTA,1
GUOYING,1
YEUDIEL,1
MARGARITA ELISA,1
LUCELY,1
CARLES ALBERT,1
ALEXANDRA DIANA,1
SUSANA PILAR,1
IAN MICHAEL,1
SERGIO VICENTE,1
CARLOS MATIAS,1
OLGA YOLANDA,1
ELIANA ANDREA,1
MARTINA,1
JEFFERSON ANDRES,1
CINTO,1
MARIO FABIAN,1
LUIS NELSON,1
LETICIA INES,1
MIRTA RAQUEL,1
REYNA ISABEL,1
GAROFITA,1
ANA IRENE,1
JESUS DAMIAN,1
JAVIER FERNANDO,1
LUIS MARINO,1
ALEJANDRO RAMON,1
ANGELA INES,1
VASIL IVANOV,1
RICHARD ORLANDO,1
JOHANNES HENDRIKUS,1
MILAGROS CONCEPCION,1
VIRGINIA FRANCISCA,1
ALFREDO RAFAEL,1
ANTONIA CRUZ,1
DUMITRU NICOLAE,1
EMILIANO GABRIEL,1
GUSTAVO ALEXIS,1
LORENA RAQUEL,1
MARK STEVEN,1
MARIA ARIADNA,1
IRIOME,1
ALEXANDRU GHEORGHE,1
ADELA PATRICIA,1
FERDAOUS,1
NAZAN,1
JACINTO JOSE,1
IRA,1
RAMON MARIANO,1
OVIDIU CONSTANTIN,1
ALIMATOU,1
LIZETH,1
DAVI,1
KATIA CRISTINA,1
EDUARDO MANUEL,1
AMMAR,1
PAULA ROSA,1
MARIA ADELINA,1
JONATHAN FABRICIO,1
ALAINE,1
FELISA MERCEDES,1
CATALIN BOGDAN,1
EMILCE,1
GERARDO MIGUEL,1
ROCIO CECILIA,1
SURIA,1
SOFIAN,1
NAZRUL,1
ARISTIDES,1
PAUL ALIN,1
FERNANDO JULIAN,1
MAURO DAMIAN,1
MARIA DULCE NOMBRE,1
JOHANNA ELIZABETH,1
LINDA MARY,1
GIANLUCA,1
ANDRES ERNESTO,1
JASON JOHN,1
ALEJANDRO MARIO,1
MIREN IZASKUN,1
DANIELA IONELA,1
DRAGUTA,1
KELLY ANN,1
MARIO DAVID,1
EULOGIO JOSE,1
MAATI,1
AMARU,1
JUBAL,1
MARTA ANGELES,1
ALICIA CAROLINA,1
ALEXANDRU ILIE,1
JESUS GERMAN,1
DIEGO EMILIO,1
ROSEMERY,1
MARIA LUCIANA,1
IAKOV,1
SILVIU MARIAN,1
PAUL KEVIN,1
JOSEP VICENÇ?,1
FLORS,1
LISA JAYNE,1
JOSE LINO,1
EVA INES,1
MATEO FRANCISCO,1
INES TERESA,1
ALISON,1
SENOVIA,1
ANJARA,1
OMAR ERNESTO,1
ISIDRO SANTIAGO,1
PEDRO FABIAN,1
MARTHA MONICA,1
LUISA AMELIA,1
NELSON ARTURO,1
EMILIO GABRIEL,1
AIDA CECILIA,1
ERASMA,1
ANGEL MARCELO,1
SEVERIANA,1
ROSEANE,1
DARIUS NICOLAE,1
NANULI,1
ROSA EULALIA,1
MARINA LUISA,1
ADRIANA APARECIDA,1
ANA ALEXANDRA,1
PEDRO BENJAMIN,1
ARACELI PILAR,1
SANDRA JANE,1
ZELIA,1
SANTIAGO ANTON,1
VITORINO,1
DORIS LILIANA,1
WASHINGTON FERNANDO,1
MANUELA INES,1
KAREN ELIANA,1
YAMARA,1
MARIA JOSEFA ISABEL,1
SANTUSA,1
SERGIO CESAR,1
JACINT,1
JOSE ECHEDEY,1
UARDA,1
MAGDALENO,1
AGUSTIN JUAN,1
AGUSTIN CARLOS,1
IOANA MIRELA,1
JUAN FACUNDO,1
CATALINA JOSEFA,1
LARITZA,1
ANTONIA YOLANDA,1
MARIA ARGIMIRA,1
BRAYAN ALEXIS,1
MARIA NILSA,1
ROBERTO ARTURO,1
JEAN MARCO,1
MIGUEL LUCIANO,1
MANUEL DANIEL,1
FLORES MARIA,1
MOUNIR,1
CAI,1
GLICERIO,1
CESAR ARIEL,1
NAJIM,1
RICARDO SANTOS,1
CRISTIAN DUMITRU,1
MILAGROS ANGELES,1
ANA ABIGAIL,1
YOLANDA MARIA,1
MAGGIE,1
MARIA DALILA,1
MAIKE,1
CARLOS JUNIOR,1
ORENTINA,1
ANA MAR,1
JAROSLAW,1
LUIS GERMAN,1
ANGELICA MARIA,1
ASSIA,1
GLORIA ROCIO,1
DELFIN ANTONIO,1
VIVIANA ELIZABETH,1
IDY,1
MARIA ERICA,1
CARMELO ENRIQUE,1
RAMIRO NICOLAS,1
MARK DAVID,1
KILIAN DAVID,1
GOUNDO,1
CALA,1
CARMEN AUXILIADORA,1
NICULAI,1
KIM ELIZABETH,1
ROSA SILVIA,1
DAYONG,1
PETER KLAUS,1
ANDREEA LARISA,1
MARIA JULIA,1
JULIAN NICOLAS,1
ANA ROCIO,1
ARELIS,1
EL KHAMSSA,1
CIRIACA,1
AMANDO,1
NAIN,1
SUSANA LOURDES,1
JOHAN SEBASTIAN,1
MANUEL CECILIO,1
MAFTEI,1
EFIDENCIA,1
PING,1
ANGEL GILBERTO,1
JUANA VANESA,1
DAVID MARIAN,1
ZHENGWEI,1
JADIYETU,1
LUIS PABLO,1
SAMUEL ENRIQUE,1
PAOLA NOEMI,1
LUIS ARIEL,1
JULIAN MAURICIO,1
FLOR ELISA,1
CALLUM,1
FRANCISCO JOSE LUIS,1
IDELFONSO,1
ROSA ADORACION,1
IZARA,1
MARIA LLEDO,1
HAYATE,1
CASANDRA,1
PETER FRANCIS,1
DANIELA SUSANA,1
YUKA,1
DAVID KEITH,1
CIRINA,1
VICENTE MARIANO,1
TESS,1
BELEN ALEJANDRA,1
DAN ADRIAN,1
DAMIAN ANDRES,1
LEIDY DAYANA,1
JOSE MARIA MIGUEL,1
GEMA ROSARIO,1
JUAN ADAY,1
ROMINA LAURA,1
GUILLERMO JUAN,1
YAIMARA,1
ANTONIA SUSANA,1
GEOFFREY THOMAS,1
HUGO JESUS,1
JUAN GONZALO,1
VICTOR IVAN,1
RAFAEL ANTONIO,1
ARMELINDA,1
MAURO NICOLAS,1
REMCO,1
MARINE,1
MAXIMILIANO DAVID,1
LUIS GUSTAVO,1
VICENTA MARTA,1
IAN EDWARD,1
AUDELINA,1
DIEGO MIGUEL,1
MERCEDES TERESA,1
JULIO MARCELO,1
MIRIAM EDITH,1
CHRISTIAN RODRIGO,1
JEAN,1
MARIA ZAIDA,1
JARMILA,1
MARIA AGNES,1
JIANFEI,1
MATIAS JUAN,1
LILIAN ROCIO,1
NABEL,1
GIORGICA,1
LUKASZ PIOTR,1
JAIME ALFONSO,1
SIENA,1
COSMIN IONUT,1
POLICARPO,1
JENNY MARGOTH,1
PATRICIA KATHLEEN,1
BABOU,1
GREGORIO ANGEL,1
MIRIAM TERESA,1
LINDA,1
ALFREDO RICARDO,1
ANDREW STEPHEN,1
ANGELA PAULA,1
ANNAIS,1
PEDRO REYES,1
JULIA AMELIA,1
THAMARA,1
LUCIANO MANUEL,1
ABDELHANIN,1
CHRISTIAN JESUS,1
FRANCISCO XOSE,1
ANGELA REYES,1
RICHARD ANTONIO,1
MAHIR,1
HERMENEGIL,1
MARIA LUISA DOLORES,1
ANA TOMASA,1
VALENTIN CLAUDIU,1
AMPARO ROSA,1
ASSUMPCIO,1
SIMONA MARIANA,1
ISAMARA,1
RAUL CATALIN,1
JENNY LORENA,1
MARIA MAXIMA,1
MIRO,1
ISMAEL SANTIAGO,1
MANUEL GINES,1
MARIA VICTORIA PILAR,1
LANDING,1
JOHN RAYMOND,1
MARIA FAUSTINA,1
HOLLIE,1
GLORIA ALICIA,1
ANDREEA IOANA,1
VICENTE FERRER,1
NORMA ESTHER,1
AURELIE,1
JUAN,1
RAFAEL GERARDO,1
MARGARITA EMILIA,1
DIANA MARIA,1
ALIREZA,1
JOHN EDUARDO,1
SORIN NICOLAE,1
MARIA FALGAS,1
JOSE ULISES,1
BRAUDILIA,1
SOLOMIYA,1
MARIA CHRISTINA,1
LETICIA BEATRIZ,1
SOFICA,1
VESKO,1
GEORGETA MIHAELA,1
MICHELE,1
JUANA PATRICIA,1
EDUARDO FELIPE,1
ALBITO,1
SANDRA FABIOLA,1
ROSALIA MERCEDES,1
CARLA TATIANA,1
MARIA GEMMA,1
EGOI,1
FLORIN MARCEL,1
JUAN BAUSTISTA,1
JAVIER AITOR,1
NANCI,1
CRISTINELA,1
ANNA ELISABET,1
MARINA ESPERANZA,1
EMELIA,1
MARINA ISABEL,1
SELENA MARIA,1
ZI HAO,1
PREDESTINACION,1
ROBERTO SERGIO,1
LUIS CARLOS,1
NICOLAS ESTEBAN,1
DAVID MARK,1
ARIADNA,1
OLGA VICTORIA,1
ILIE FLORIN,1
RUTH MAGDALENA,1
MARIA ETHEL,1
SISI,1
MANUEL FELICIANO,1
KAREN ANN,1
FRANCISCA TERES,1
LAURA RAMONA,1
JOSE PINO,1
ERCILIA,1
ANA RAMONA,1
LUCIA CATALINA,1
ELENA IVANOVA,1
MARIE FRANÇ?OISE,1
VALENTIN CONSTANTIN,1
BENITO ALFONSO,1
ANGEL CUSTODIO,1
CORINA MIHAELA,1
KATHERINE ESTEFANIA,1
ALINA COSMINA,1
MARIA YOLANDA,1
KRUM,1
ERMINDA,1
VERONEL,1
YIFENG,1
MARIAN MARIUS,1
SHORENA,1
HIGINI,1
ZAKARYA,1
TANIA SOFIA,1
MANUEL SERGIO,1
EDGAR GONZALO,1
MAYRA MARIA,1
GISELL,1
NORA ELIZABETH,1
MOHSAN,1
PABLO JULIO,1
INGRID JOHANA,1
ANGEL DAMIAN,1
PABLO BORJA,1
BENJAMIN THOMAS,1
ALICIA ANGELA,1
KATHERINE VANESSA,1
ALEXIS EDUARDO,1
LULU,1
MARIUSZ KRZYSZTOF,1
SILVIA JANET,1
ANTONIO MARIA,1
COSMIN ANDREI,1
SARABJIT,1
HECTOR ALEJANDRO,1
LUISA M,1
JEAN FRANCO,1
CRISTIAN RUBEN,1
IULIAN NICOLAE,1
TOMASZ MAREK,1
NELLY VICTORIA,1
GHEORGHE CIPRIAN,1
MANUEL ESTEBAN,1
MARIA COVADONGA,1
MARIYAN,1
CONSTANTIN SILVIU,1
GLADYS JOSEFINA,1
WILLIAM JESUS,1
BOGDAN IONUT,1
FARAJI,1
MASSIEL,1
OUTHMANE,1
GAELLE,1
ADAM JAN,1
PATRICIA ROCIO,1
AMPARO VICENTA,1
NICOLE ANDREA,1
ELENA CLAUDIA,1
JOSE SAMUEL,1
KENNEDY,1
MARTIN CARLOS,1
IRMA CECILIA,1
NANCY PAULINA,1
AURELIA MARIA,1
DOINA ELENA,1
ERIKA ESTHER,1
YOVANNY,1
IZARO,1
JENNIFER GABRIELA,1
MITCHELL,1
ENI,1
MOUSA,1
BOUZIAN,1
FELICIANO,1
ANDREI EDUARD,1
MILAGRITOS,1
MIGUEL ANDRES,1
AINHOA NEREA,1
PILAR VERONICA,1
PEDRO ROBERTO,1
INOCENCIO JOSE,1
VALVANUZ,1
JACQUES JEAN,1
ALFONSO DAVID,1
PEDRO PATRICIO,1
FLAVIUS,1
CARIDAD MARIA,1
MALAQUIAS,1
ENRIQUE JORGE,1
AILA,1
VICTOR PASCUAL,1
YANIK,1
RAZVAN VALENTIN,1
ANTIGUA,1
GUILLERMO RAFAEL,1
CARLOS FRANCIS,1
AMANECER,1
SOUHAYL,1
THALITA,1
WILLIAM HERNAN,1
CRISTOFHER,1
PAUL ALEXANDRU,1
RAFAEL PABLO,1
PINGPING,1
HUGO LUIS,1
GEMA ROCIO,1
SANTIAGO ENRIQUE,1
ILIES,1
CARLOS DARIO,1
MARIA HORTENSI,1
JOSE GONZALO,1
MAURO EZEQUIEL,1
KENDRA,1
YASSMIN,1
MARIA ZENEIDA,1
FLORENTINA LILIANA,1
OFELIA MARIA,1
DANIEL ALEXIS,1
SANDRA MARA,1
DAOUYA,1
RICARDO SALVADOR,1
JOAQUIN CARLOS,1
GASTON,1
ANDREEA FLORINA,1
IONELA NICOLETA,1
ABDELKBIR,1
ANDREA REBECA,1
JOSE FREDY,1
ESDRAS,1
HAYAR,1
JOSE FRANCISCO,1
YASER,1
RAMON FRANCESC,1
AMPARO CONSUELO,1
MONICA PAULINA,1
MARIELA ISABEL,1
EWELINA,1
FRANCESCO PAOLO,1
ANTONIO CIPRIANO,1
YANKHOBA,1
BRYAN JOSE,1
AYAZ,1
ZAKARIAE,1
ASUNCION ROSA,1
JANKEY,1
AMANDA PATRICIA,1
MOISES FERNANDO,1
YERAI,1
FRANCISCO ROQUE,1
MAURICIO ENRIQUE,1
FIDELIO,1
BEGOÇ?A ROSARIO,1
PALOMA LUISA,1
ADRIAN COSTEL,1
IRAM,1
SABELA,1
RODRIGO JUAN,1
TIAGO JOSE,1
JAVIER SALVADOR,1
VIVIANA BEATRIZ,1
HONGFEN,1
INMACULADA MARIA,1
MARY ISABEL,1
ABU,1
VALENTINA MARIA,1
HIROMI,1
TIMOTHY DAVID,1
HERNAN GONZALO,1
SIERRA,1
ROBERT MARIAN,1
SERGIO FELIX,1
HAITZ,1
DAIANA BELEN,1
GUAYARMINA,1
SAUL JESUS,1
THOMAS PAUL,1
CATHERINE MARGARET,1
CRISTINA VICTOR,1
GEORGIA LOUISE,1
PILAR AURORA,1
EVA ELIZABETH,1
SUYING,1
EDUARD ALEXANDER,1
GABRIEL ALONSO,1
ENRIQUE CLAUDIO,1
MARLY,1
TOMAS RICARDO,1
SERVULO,1
MUNIR,1
FEDERICO NAHUEL,1
FRANCISC,1
GABRIEL ALEXIS,1
MARTIN RICARDO,1
TAO,1
TEODOMIRO,1
ANTONIO JONATHAN,1
SIYI,1
RICARDO FELIPE,1
NOAH,1
BEVERLEY,1
NURIA PILAR,1
BLANCA ROSA,1
ELZBIETA MARIA,1
VANDA,1
VIOREL GABRIEL,1
JUAN MARC,1
ANISIA,1
EDELTRAUD,1
MATEO DANIEL,1
SILVIA EVA,1
MARIA SANTAS,1
MARY ALEJANDRA,1
INMACULADA ANA,1
ALEXANDER THOMAS,1
LAUREANO JESUS,1
GUNNAR,1
WILLIAM ENRIQUE,1
PATRICIO EDUARDO,1
KATHERINE PAMELA,1
CHRISTIAN JONATHAN,1
COSIMA,1
ATHMANE,1
MERCEDES RAMONA,1
GLORIA MARCELA,1
KALTOUM,1
BLANCA ANTONIA,1
ALIE,1
HMAD,1
ERIC DANIEL,1
YESSICA PINO,1
MIRIAM MILAGROS,1
LOUNES,1
EDISON ANDRES,1
MASSIRA,1
YARISA,1
PAOLA MARCELA,1
MILOSLAV,1
LYNA,1
MARIA IRIS,1
ISABEL OLGA,1
ANA EDITH,1
JORGE CARLOS,1
SAMANTHA NICOLE,1
JUAN RICARDO,1
OLGA LETICIA,1
GORETI,1
CHABANE,1
NEWTON,1
DARIO EDUARDO,1
HAROLDO,1
XUJUN,1
SHELLY,1
VICENTA MANUELA,1
JOSE MARIA ANDRES,1
ENCARNACION BELEN,1
IONUT FLORIN,1
WILLIAM JOSEPH,1
CLODOALDO,1
MIREN ARGIÇ?E,1
MARIA RUS,1
NANCY EDITH,1
BRYAN FABRICIO,1
RAMONA GEORGIANA,1
JUAN JESUS,1
FAUSTINO,1
SERVANDO,1
DIANA KAROLINA,1
NIKOLA,1
MARIANN,1
ILIE IULIAN,1
FERNANDO SALVADOR,1
DOLORES ESTHER,1
XIAOHUA,1
IOAN VASILE,1
ELHADJI MAMADOU,1
VICENTE GUILLERMO,1
ELIZABETH ANDREA,1
WILSON GABRIEL,1
SHIRLEY ELIZABETH,1
FLOR ANGEL,1
NICANOR JOSE,1
MARIO DOMINGO,1
LEYA,1
JUAN PEDRO,1
TERESA LUISA,1
GUORONG,1
NACOR,1
LUCIAN IONUT,1
ESTERVINA,1
BENJAMIN ALEJANDRO,1
GEORGE MARIUS,1
EULALIA ISABEL,1
MARIA ROSINA,1
DIANA NICOLE,1
WILLIAM RAFAEL,1
SABAH,1
CARMEN HORTENSIA,1
YANMEI,1
DAVID JAVIER,1
MARIA ROSSANA,1
MHAMMED,1
CORNEL,1
IOANA MARIANA,1
ARTEM,1
PHILIP MICHAEL,1
JOSE JONATHAN,1
BORJA VICENTE,1
HECTOR OSVALDO,1
SOUHAIL,1
JANICE ELIZABETH,1
MARIANO ANDRES,1
MARCELA GABRIELA,1
CARMINE,1
FRANCISCO BERNARDO,1
GABRIEL ALEXANDRU,1
JHENIFER,1
DUGUNEH,1
MERYEN,1
MIRIAN JESUS,1
MONICA DANIELA,1
ION DANUT,1
JESSENIA,1
EAMON,1
HECTOR NICOLAS,1
ANA MARIA PILAR,1
SAIDA MARIA,1
ANA AGUEDA,1
AYUMI,1
MARIA EDELINA,1
VIKTORIA,1
JUCELIA,1
MOHAND,1
BLASA,1
DANIEL ALBERT,1
MARIA LIA,1
LUZ ADRIANA,1
ANGEL CAYETANO,1
ARGIÇ?E,1
JESE,1
CAROLINA CRISTINA,1
ROCIO YOLANDA,1
ALEX PATRICIO,1
EDDY SANTIAGO,1
GERARDO PEDRO,1
NICASIO MANUEL,1
RODRIGO JAVIER,1
FABRICE,1
EFRAIN JESUS,1
LAKBIRA,1
MARIA VILLAR,1
RENATE MARIA,1
PABLO FRANCISCO,1
MIHAELA SIMONA,1
RUBEN SANTIAGO,1
SHEILA CRISTINA,1
EVA INMACULADA,1
PATRICIA ESTEFANIA,1
JUANA MARINA,1
CONSOLACION,1
LUCIA ANDREA,1
ANGEL EDUARDO,1
MOCTAR,1
JOHANNA FERNANDA,1
JOSE ANTON,1
LLOYD,1
NICOLAS GABRIEL,1
RADITA,1
LILIANA GRACIELA,1
ELIZABHET,1
AMALIA JOSEFA,1
CORNEL NICOLAE,1
NITA,1
JUAN CALIXTO,1
CARLOS ANSELMO,1
LUIS CRISTOBAL,1
MARIA CODES,1
PABLO MAURICIO,1
EUDOXIA,1
BING,1
MARIA CORTES,1
NAHIM,1
DONATELLA,1
ALISON LOUISE,1
PEDRO CLAUDIO,1
JEAN BAPTISTE,1
FRANCESCA MARIA,1
OTILIO,1
MARIA GRACIAS,1
M'BARK,1
EDISON MAURICIO,1
EXUPERANCIO,1
MARCIAL FRANCISCO,1
STEFAN ANDREI,1
ANA MAITE,1
DECOROSA,1
YAZMINA MARIA,1
CHRISTIAN VICENTE,1
MARIA DORIS,1
FRANKLIN ALEXANDER,1
ERNEST JOHN,1
MAHDJOUBA,1
KAMIL,1
PASCUAL FRANCISCO,1
NICOLAS ALEXANDER,1
PATRICIA GEMA,1
MIJAIL,1
RICARDO GREGORIO,1
MARIANA LUMINITA,1
LAURA JULIA,1
RAZVAN IONUT,1
EVA SANDRA,1
DJIBRIL,1
FADIA,1
ARIADNA ISABEL,1
SEGUNDO EDUARDO,1
ESTELA CARMEN,1
MARIUS LAURENTIU,1
FRANCESC ASIS,1
LUIS JERONIMO,1
INHAR,1
DIMITAR GEORGIEV,1
MARIA ARCADIA,1
MARIKO,1
AVELINO MANUEL,1
ANIBAL CARLOS,1
BENDAOUD,1
OLESEA,1
AMELIA PILAR,1
JAVIER ADOLFO,1
JUANA CARIDAD,1
WASHINGTON JAVIER,1
GUSTAVO HECTOR,1
ANDERE,1
AINA MARIA,1
VALIA,1
JOHANNES ANTONIUS,1
JEFFERSON ALEJANDRO,1
JOSEFA BEATRIZ,1
OLGA ANTONIA,1
FRANK MICHAEL,1
CARLOS DANILO,1
ALI SALEM,1
RAMONA ANTONIA,1
ANA ALICIA,1
AITOR FRANCISCO,1
DANIEL ALCIDES,1
RAMONA,1
ANA MELISA,1
BOGDAN CIPRIAN,1
GLORIA BEATRIZ,1
VIVIANA ROCIO,1
ROGER JOHN,1
ELENICE,1
CLAUDIA MILENA,1
FRANCISCA LIDIA,1
EVA MARINA,1
VALENTIN PABLO,1
SARA MAGDALENA,1
MARIA LOUISA,1
JESUS DARIO,1
ALEJANDRO MARCO,1
DAVID LEANDRO,1
MOHAMMADINE,1
MARIA PREDESTINACION,1
LAURA GUADALUPE,1
CHAIMA,1
VICTOR TOMAS,1
ALFONSO CARMELO,1
JESUS MELCHOR,1
HUMILDAD,1
ESTEFANI,1
MOHAMED ABDALLAHI,1
SANTOS,1
DINA,1
NAWEL,1
RICARDO GERMAN,1
MARIA PRADOS,1
PANCRACIA,1
KAMILA,1
MARIA LACRAMIOARA,1
NELSON DAVID,1
EMILIANA MARIA,1
CLARA ISABEL,1
MARK PATRICK,1
NATALIA MARGARITA,1
EMAN,1
JANET ROCIO,1
HAKOB,1
EMERITA MARIA,1
PEDRO RICARDO,1
ALEJANDRO ABEL,1
NELSON ENRIQUE,1
MAHYUBA,1
ROLF PETER,1
LIQUN,1
MIHAELA FLORINA,1
PHILIPPE PIERRE,1
CARMEN GRACIA,1
GERARDO DANIEL,1
JORGE BENJAMIN,1
NICOLAS ANTONIO,1
NASR EDDINE,1
JIALE,1
FRANCES,1
EDUARDO ENRIQUE,1
MERCEDES MARTA,1
FELIX SANTOS,1
ISIDRA MARIA,1
MARINO ANTONIO,1
LIMBERG,1
HELENA PATRICIA,1
JOSE MERCEDES,1
PAMELA CRISTINA,1
RAFAEL ROBERTO,1
ZOUBAIR,1
JAINABA,1
ALBERTO FELIX,1
MARIA ARACELI,1
CRISTIAN ION,1
AINARA PINO,1
VERONICA ELENA,1
KEVIN ALBERTO,1
ROSA ELIA,1
WENCESLADA,1
THOMAS ANTHONY,1
ABDUS,1
RAYMOND CHARLES,1
MARIA DULCE,1
MOUNIM,1
MOHAMED KARIM,1
DENISA ANDREA,1
JAVIER RAFAEL,1
MAURICE,1
ANDREA ELISABETH,1
LAVINIA GEORGIANA,1
IOANA VIORICA,1
EL KHATIR,1
ALEXANDRU MADALIN,1
MARCOS GABRIEL,1
ANGELA LOURDES,1
FRANCISCO CRISTOBAL,1
MARINA CLAUDIA,1
ABY,1
ZOILA CARMEN,1
ROBERTO ENRIQUE,1
MATUTINA,1
CLOVIS,1
EUGENIA DOLORES,1
DAVID NORMAN,1
TOMA,1
